metrica,brazo,dif_propuesta_menos_brazo,p,p_holm,sig,propuesta_mejor
EN,base,0.495731,1.9073486328125e-06,9.5367431640625e-06,True,True
EN,disco,0.193851,1.9073486328125e-06,9.5367431640625e-06,True,True
EN,lineas,0.260269,1.9073486328125e-06,9.5367431640625e-06,True,True
EN,promedio,0.229821,1.9073486328125e-06,9.5367431640625e-06,True,True
EN,maximo,0.192427,1.9073486328125e-06,9.5367431640625e-06,True,True
SD,base,0.038415,1.9073486328125e-06,9.5367431640625e-06,True,True
SD,disco,0.016938,1.9073486328125e-06,9.5367431640625e-06,True,True
SD,lineas,0.023131,1.9073486328125e-06,9.5367431640625e-06,True,True
SD,promedio,0.020188,1.9073486328125e-06,9.5367431640625e-06,True,True
SD,maximo,0.016873,1.9073486328125e-06,9.5367431640625e-06,True,True
FE,base,0.079009,1.9073486328125e-06,9.5367431640625e-06,True,True
FE,disco,0.031114,1.9073486328125e-06,9.5367431640625e-06,True,True
FE,lineas,0.041392,1.9073486328125e-06,9.5367431640625e-06,True,True
FE,promedio,0.036704,1.9073486328125e-06,9.5367431640625e-06,True,True
FE,maximo,0.030869,1.9073486328125e-06,9.5367431640625e-06,True,True
MG,base,0.021168,1.9073486328125e-06,9.5367431640625e-06,True,True
MG,disco,0.009814,1.9073486328125e-06,9.5367431640625e-06,True,True
MG,lineas,0.011068,1.9073486328125e-06,9.5367431640625e-06,True,True
MG,promedio,0.010461,1.9073486328125e-06,9.5367431640625e-06,True,True
MG,maximo,0.00982,1.9073486328125e-06,9.5367431640625e-06,True,True
MI_vis,base,-0.415018,1.9073486328125e-06,9.5367431640625e-06,True,False
MI_vis,disco,-0.168021,1.9073486328125e-06,9.5367431640625e-06,True,False
MI_vis,lineas,-0.195169,1.9073486328125e-06,9.5367431640625e-06,True,False
MI_vis,promedio,-0.186836,1.9073486328125e-06,9.5367431640625e-06,True,False
MI_vis,maximo,-0.166555,1.9073486328125e-06,9.5367431640625e-06,True,False
MI_ir,base,-0.253448,1.9073486328125e-06,9.5367431640625e-06,True,False
MI_ir,disco,-0.076818,1.9073486328125e-06,9.5367431640625e-06,True,False
MI_ir,lineas,-0.113027,1.9073486328125e-06,9.5367431640625e-06,True,False
MI_ir,promedio,-0.098646,1.9073486328125e-06,9.5367431640625e-06,True,False
MI_ir,maximo,-0.076072,1.9073486328125e-06,9.5367431640625e-06,True,False
SF,base,10.352786,1.9073486328125e-06,9.5367431640625e-06,True,True
SF,disco,4.487005,1.9073486328125e-06,9.5367431640625e-06,True,True
SF,lineas,5.227875,1.9073486328125e-06,9.5367431640625e-06,True,True
SF,promedio,4.86357,1.9073486328125e-06,9.5367431640625e-06,True,True
SF,maximo,4.486238,1.9073486328125e-06,9.5367431640625e-06,True,True
SSIM,base,-0.1222,1.9073486328125e-06,9.5367431640625e-06,True,False
SSIM,disco,-0.0766,1.9073486328125e-06,9.5367431640625e-06,True,False
SSIM,lineas,-0.085777,1.9073486328125e-06,9.5367431640625e-06,True,False
SSIM,promedio,-0.082229,1.9073486328125e-06,9.5367431640625e-06,True,False
SSIM,maximo,-0.076553,1.9073486328125e-06,9.5367431640625e-06,True,False
PSNR,base,-0.992268,1.9073486328125e-06,9.5367431640625e-06,True,False
PSNR,disco,-0.594175,1.9073486328125e-06,9.5367431640625e-06,True,False
PSNR,lineas,-0.745415,1.9073486328125e-06,9.5367431640625e-06,True,False
PSNR,promedio,-0.682839,1.9073486328125e-06,9.5367431640625e-06,True,False
PSNR,maximo,-0.593311,1.9073486328125e-06,9.5367431640625e-06,True,False
Qabf,base,0.154449,1.9073486328125e-06,9.5367431640625e-06,True,True
Qabf,disco,-0.044625,1.9073486328125e-06,9.5367431640625e-06,True,False
Qabf,lineas,-0.028403,1.9073486328125e-06,9.5367431640625e-06,True,False
Qabf,promedio,-0.041683,1.9073486328125e-06,9.5367431640625e-06,True,False
Qabf,maximo,-0.04464,1.9073486328125e-06,9.5367431640625e-06,True,False
Nabf,base,0.374225,1.9073486328125e-06,9.5367431640625e-06,True,False
Nabf,disco,0.189137,1.9073486328125e-06,9.5367431640625e-06,True,False
Nabf,lineas,0.214911,1.9073486328125e-06,9.5367431640625e-06,True,False
Nabf,promedio,0.204306,1.9073486328125e-06,9.5367431640625e-06,True,False
Nabf,maximo,0.189328,1.9073486328125e-06,9.5367431640625e-06,True,False
SCD,base,0.140953,1.9073486328125e-06,9.5367431640625e-06,True,True
SCD,disco,0.005156,0.40909767150878906,0.8181953430175781,False,True
SCD,lineas,0.022665,0.0019855499267578125,0.00794219970703125,True,True
SCD,promedio,0.011595,0.08969497680664062,0.2690849304199219,False,True
SCD,maximo,0.00411,0.47490501403808594,0.8181953430175781,False,True
VIF,base,0.086501,1.9073486328125e-06,9.5367431640625e-06,True,True
VIF,disco,0.021964,1.9073486328125e-06,9.5367431640625e-06,True,True
VIF,lineas,0.036047,1.9073486328125e-06,9.5367431640625e-06,True,True
VIF,promedio,0.024986,1.9073486328125e-06,9.5367431640625e-06,True,True
VIF,maximo,0.021879,1.9073486328125e-06,9.5367431640625e-06,True,True
FMI,base,-0.002557,0.9272785186767578,0.9498100280761719,False,False
FMI,disco,-0.009362,2.6702880859375e-05,0.000133514404296875,True,False
FMI,lineas,-0.000935,0.47490501403808594,0.9498100280761719,False,False
FMI,promedio,-0.007686,0.0003948211669921875,0.0011844635009765625,True,False
FMI,maximo,-0.009212,2.6702880859375e-05,0.000133514404296875,True,False
Q0,base,0.034899,0.000209808349609375,0.000209808349609375,True,True
Q0,disco,-0.053921,1.9073486328125e-06,9.5367431640625e-06,True,False
Q0,lineas,-0.052824,1.9073486328125e-06,9.5367431640625e-06,True,False
Q0,promedio,-0.056032,1.9073486328125e-06,9.5367431640625e-06,True,False
Q0,maximo,-0.05363,1.9073486328125e-06,9.5367431640625e-06,True,False
QW,base,0.09901,1.9073486328125e-06,9.5367431640625e-06,True,True
QW,disco,-0.028022,9.5367431640625e-06,3.814697265625e-05,True,False
QW,lineas,-0.022849,0.0042209625244140625,0.0042209625244140625,True,False
QW,promedio,-0.027662,3.62396240234375e-05,7.2479248046875e-05,True,False
QW,maximo,-0.028455,9.5367431640625e-06,3.814697265625e-05,True,False
QE,base,0.050604,0.001209259033203125,0.006046295166015625,True,True
QE,disco,-0.005972,0.21616744995117188,0.6485023498535156,False,False
QE,lineas,-0.002115,0.38837623596191406,0.6485023498535156,False,False
QE,promedio,-0.007466,0.10539817810058594,0.42159271240234375,False,False
QE,maximo,-0.006229,0.21616744995117188,0.6485023498535156,False,False
