method,image,EN,SD,FE,MG,MI_vis,MI_ir,SF,Qabf,Nabf,SSIM,SCD,VIF
Promedio,APC_1_view_1_fk_06_005,6.37526,0.08649,1.184586,0.013925,1.257231,1.015627,7.83704,0.305505,1e-06,0.797123,1.407129,0.292249
PiramideLaplace,APC_1_view_1_fk_06_005,6.596257,0.105434,1.225649,0.024039,1.370621,1.104134,13.841903,0.401221,0.120696,0.721575,1.296224,0.380005
Curvelet,APC_1_view_1_fk_06_005,6.521921,0.096554,1.211837,0.025027,0.873853,0.837243,14.823894,0.418425,0.21281,0.732265,1.448735,0.270432
TopHat_disk_L3,APC_1_view_1_fk_06_005,6.508534,0.097997,1.209349,0.022051,0.957913,0.969628,12.908165,0.428912,0.103729,0.746887,1.484526,0.309368
TopHat_square_L3,APC_1_view_1_fk_06_005,6.526732,0.098976,1.212731,0.022044,0.946162,0.973437,12.872062,0.41259,0.104688,0.74358,1.495574,0.309551
TopHat_cross_L3,APC_1_view_1_fk_06_005,6.504313,0.097911,1.208565,0.021993,0.967218,0.973119,12.905301,0.440853,0.118489,0.751427,1.488141,0.303253
TopHat_disk_L5,APC_1_view_1_fk_06_005,6.564228,0.101248,1.219698,0.022471,0.917225,0.986589,12.974573,0.424618,0.119857,0.741569,1.523522,0.31035
TopHat_disk_L3_BTH,APC_1_view_1_fk_06_005,6.835516,0.117531,1.270106,0.041363,0.528909,0.650683,21.938814,0.312164,0.523724,0.581237,1.363248,0.289282
TopHat_square_L3_BTH,APC_1_view_1_fk_06_005,6.865086,0.119859,1.2756,0.040876,0.508903,0.659207,21.482172,0.318441,0.519659,0.58006,1.354657,0.294442
TopHat_cross_L3_BTH,APC_1_view_1_fk_06_005,6.855902,0.119135,1.273894,0.042334,0.546338,0.644904,22.154699,0.289483,0.541951,0.569562,1.353721,0.274096
TopHat_disk_L5_BTH,APC_1_view_1_fk_06_005,6.986971,0.129442,1.298248,0.044374,0.447657,0.688462,22.977531,0.287889,0.560065,0.541858,1.27734,0.276487
Promedio,APC_1_view_2_fk_ref_01_005,6.592608,0.104866,1.08174,0.013862,1.642532,0.888547,7.393733,0.36829,0.0,0.844238,1.059078,0.357021
PiramideLaplace,APC_1_view_2_fk_ref_01_005,7.010952,0.138236,1.150384,0.023266,2.319929,0.993161,13.736828,0.486623,0.123933,0.779197,1.2992,0.445784
Curvelet,APC_1_view_2_fk_ref_01_005,6.71961,0.111687,1.102579,0.023648,1.472549,0.805541,13.857162,0.461209,0.198527,0.786094,1.148596,0.327572
TopHat_disk_L3,APC_1_view_2_fk_ref_01_005,6.756841,0.117958,1.108688,0.022226,1.500516,0.876332,13.26073,0.49153,0.126775,0.794775,1.278504,0.373946
TopHat_square_L3,APC_1_view_2_fk_ref_01_005,6.77193,0.118959,1.111164,0.022242,1.487306,0.877554,13.237517,0.4729,0.128342,0.791242,1.291392,0.371686
TopHat_cross_L3,APC_1_view_2_fk_ref_01_005,6.739681,0.116656,1.105872,0.021776,1.466637,0.89733,13.127949,0.489841,0.134587,0.799566,1.271449,0.36438
TopHat_disk_L5,APC_1_view_2_fk_ref_01_005,6.815261,0.12181,1.118274,0.022695,1.445609,0.892582,13.364326,0.486436,0.145875,0.788396,1.336311,0.375229
TopHat_disk_L3_BTH,APC_1_view_2_fk_ref_01_005,6.98175,0.130341,1.145592,0.041684,0.95317,0.652712,21.862417,0.325404,0.55786,0.616431,1.036894,0.347613
TopHat_square_L3_BTH,APC_1_view_2_fk_ref_01_005,7.003053,0.131982,1.149087,0.04145,0.917037,0.655439,21.507769,0.327091,0.554857,0.613773,1.018376,0.35092
TopHat_cross_L3_BTH,APC_1_view_2_fk_ref_01_005,6.988845,0.131078,1.146756,0.041444,0.943009,0.665947,21.74622,0.311015,0.555777,0.613191,1.0456,0.331709
TopHat_disk_L5_BTH,APC_1_view_2_fk_ref_01_005,7.115578,0.143042,1.167551,0.04437,0.809992,0.670552,22.582642,0.293777,0.593585,0.57235,0.968877,0.334076
Promedio,APC_1_view_3_fk_ref_02_005,6.908716,0.133038,1.075795,0.016079,1.936163,1.034744,8.497928,0.349287,0.0,0.808872,0.984425,0.333664
PiramideLaplace,APC_1_view_3_fk_ref_02_005,7.279028,0.162848,1.133459,0.028082,2.400988,1.253693,16.014416,0.485589,0.115254,0.735432,1.183218,0.442423
Curvelet,APC_1_view_3_fk_ref_02_005,7.02044,0.14016,1.093192,0.028464,1.657091,0.919673,16.161448,0.485753,0.193135,0.743777,1.064415,0.308808
TopHat_disk_L3,APC_1_view_3_fk_ref_02_005,7.066548,0.148469,1.100372,0.02677,1.771294,1.010399,15.438556,0.5131,0.119648,0.753776,1.191708,0.361939
TopHat_square_L3,APC_1_view_3_fk_ref_02_005,7.078148,0.149579,1.102178,0.026823,1.761624,1.01459,15.437646,0.496975,0.121007,0.750508,1.203647,0.36213
TopHat_cross_L3,APC_1_view_3_fk_ref_02_005,7.044242,0.146045,1.096899,0.026073,1.737901,1.031138,15.201968,0.51136,0.12335,0.759993,1.175878,0.349619
TopHat_disk_L5,APC_1_view_3_fk_ref_02_005,7.10388,0.152733,1.106185,0.027213,1.718349,1.013122,15.528464,0.509987,0.135312,0.748722,1.245889,0.363776
TopHat_disk_L3_BTH,APC_1_view_3_fk_ref_02_005,7.220784,0.156005,1.124389,0.050189,1.050021,0.743512,26.32745,0.337106,0.555017,0.581476,0.958584,0.315354
TopHat_square_L3_BTH,APC_1_view_3_fk_ref_02_005,7.234121,0.156952,1.126466,0.049864,1.014454,0.745688,25.97508,0.340642,0.549918,0.579235,0.944471,0.319365
TopHat_cross_L3_BTH,APC_1_view_3_fk_ref_02_005,7.234181,0.157141,1.126475,0.049714,1.059124,0.756316,25.990732,0.326448,0.552056,0.5778,0.965999,0.301255
TopHat_disk_L5_BTH,APC_1_view_3_fk_ref_02_005,7.327999,0.167738,1.141084,0.052672,0.904303,0.72058,26.860754,0.308689,0.586542,0.543355,0.919186,0.303652
Promedio,APC_3_view_1_fk_bar_06_005,6.388863,0.090424,1.170938,0.013487,1.257693,1.357231,7.373475,0.362603,0.0,0.859402,1.082312,0.35574
PiramideLaplace,APC_3_view_1_fk_bar_06_005,6.665119,0.105855,1.221569,0.022313,1.39576,1.492681,13.476046,0.466164,0.135808,0.801708,1.085864,0.414895
Curvelet,APC_3_view_1_fk_bar_06_005,6.551548,0.098383,1.200754,0.022889,1.106857,1.199725,13.752931,0.432136,0.208562,0.802333,1.138344,0.325956
TopHat_disk_L3,APC_3_view_1_fk_bar_06_005,6.589998,0.104173,1.207801,0.021488,1.159244,1.373351,12.814179,0.468669,0.136563,0.810094,1.253202,0.370672
TopHat_square_L3,APC_3_view_1_fk_bar_06_005,6.60715,0.105304,1.210945,0.021448,1.155068,1.381272,12.768991,0.455372,0.137083,0.806852,1.275943,0.370251
TopHat_cross_L3,APC_3_view_1_fk_bar_06_005,6.578234,0.103632,1.205645,0.021192,1.143317,1.386208,12.71651,0.472841,0.143531,0.813839,1.243884,0.366642
TopHat_disk_L5,APC_3_view_1_fk_bar_06_005,6.652522,0.107966,1.219261,0.021933,1.13074,1.397758,12.90456,0.461527,0.156416,0.804195,1.333456,0.37063
TopHat_disk_L3_BTH,APC_3_view_1_fk_bar_06_005,6.865942,0.11952,1.258376,0.039454,0.764797,0.91081,21.59366,0.309056,0.553098,0.632349,1.02993,0.340435
TopHat_square_L3_BTH,APC_3_view_1_fk_bar_06_005,6.893441,0.12151,1.263416,0.038983,0.739826,0.91194,21.250074,0.312795,0.548327,0.631686,1.020079,0.343237
TopHat_cross_L3_BTH,APC_3_view_1_fk_bar_06_005,6.872948,0.120416,1.25966,0.039531,0.759395,0.929098,21.487915,0.298182,0.556849,0.626582,1.032231,0.32581
TopHat_disk_L5_BTH,APC_3_view_1_fk_bar_06_005,7.035502,0.132966,1.289452,0.042353,0.643402,0.886131,22.488192,0.280753,0.591076,0.586694,0.975071,0.326564
Promedio,APC_3_view_2_fk_NL_01_005,6.59457,0.116783,1.103828,0.012647,1.48974,1.142924,6.070523,0.346552,1e-06,0.848791,1.118693,0.337713
PiramideLaplace,APC_3_view_2_fk_NL_01_005,6.972009,0.139623,1.167005,0.02046,1.868177,1.133284,10.568351,0.433627,0.146223,0.782154,1.251121,0.387577
Curvelet,APC_3_view_2_fk_NL_01_005,6.729576,0.120823,1.126426,0.021291,1.2704,1.023052,10.990678,0.395704,0.231671,0.793596,1.150411,0.309835
TopHat_disk_L3,APC_3_view_2_fk_NL_01_005,6.719571,0.124292,1.124751,0.019302,1.301088,1.045673,10.134376,0.424123,0.133687,0.802249,1.225236,0.341332
TopHat_square_L3,APC_3_view_2_fk_NL_01_005,6.729783,0.125027,1.12646,0.019278,1.290065,1.046278,10.09325,0.409664,0.13434,0.79876,1.235885,0.340319
TopHat_cross_L3,APC_3_view_2_fk_NL_01_005,6.713567,0.123916,1.123746,0.019132,1.28372,1.065226,10.065055,0.4309,0.1437,0.80658,1.220847,0.338766
TopHat_disk_L5,APC_3_view_2_fk_NL_01_005,6.756179,0.127057,1.130879,0.019709,1.260379,1.045845,10.255355,0.418222,0.153251,0.796815,1.270157,0.341029
TopHat_disk_L3_BTH,APC_3_view_2_fk_NL_01_005,6.950501,0.133445,1.163405,0.036972,0.877499,0.733446,17.809971,0.275209,0.58062,0.629536,1.0659,0.335621
TopHat_square_L3_BTH,APC_3_view_2_fk_NL_01_005,6.973912,0.134646,1.167324,0.036414,0.866555,0.730735,17.389725,0.282456,0.574216,0.630017,1.058954,0.338054
TopHat_cross_L3_BTH,APC_3_view_2_fk_NL_01_005,6.965182,0.135128,1.165862,0.037543,0.857715,0.755399,18.119591,0.257841,0.592056,0.62015,1.071787,0.319176
TopHat_disk_L5_BTH,APC_3_view_2_fk_NL_01_005,7.088304,0.143386,1.186471,0.039894,0.756872,0.73612,18.946821,0.24801,0.621005,0.586863,0.992857,0.321629
Promedio,APC_3_view_3_fk_NL_05_005,6.78809,0.121171,1.180004,0.013265,1.714198,1.048568,5.689824,0.315532,1e-06,0.818542,1.126708,0.302217
PiramideLaplace,APC_3_view_3_fk_NL_05_005,7.152006,0.169078,1.243265,0.021457,2.142351,0.938955,9.450315,0.413328,0.145992,0.745975,1.296743,0.347167
Curvelet,APC_3_view_3_fk_NL_05_005,6.891179,0.125034,1.197924,0.022696,1.40122,0.913688,10.20499,0.36163,0.238196,0.757693,1.155991,0.273819
TopHat_disk_L3,APC_3_view_3_fk_NL_05_005,6.89435,0.127595,1.198475,0.01986,1.449349,0.99526,9.159384,0.384783,0.120844,0.772527,1.229796,0.298227
TopHat_square_L3,APC_3_view_3_fk_NL_05_005,6.906478,0.12874,1.200584,0.019861,1.437933,0.992638,9.113908,0.373763,0.123944,0.768716,1.244984,0.297506
TopHat_cross_L3,APC_3_view_3_fk_NL_05_005,6.892367,0.127806,1.198131,0.019947,1.45057,1.00863,9.175842,0.391712,0.136967,0.776562,1.236886,0.298603
TopHat_disk_L5,APC_3_view_3_fk_NL_05_005,6.926663,0.131173,1.204093,0.020321,1.3849,0.977776,9.323268,0.379448,0.140113,0.766448,1.282114,0.29764
TopHat_disk_L3_BTH,APC_3_view_3_fk_NL_05_005,7.102856,0.140744,1.234721,0.038248,0.909268,0.626206,16.930187,0.25558,0.564078,0.608431,1.06553,0.28927
TopHat_square_L3_BTH,APC_3_view_3_fk_NL_05_005,7.123691,0.142594,1.238343,0.037774,0.88099,0.625377,16.528219,0.258122,0.562277,0.607597,1.060156,0.291445
TopHat_cross_L3_BTH,APC_3_view_3_fk_NL_05_005,7.123454,0.14283,1.238302,0.039524,0.912504,0.632226,17.632231,0.234961,0.584742,0.594825,1.06802,0.278969
TopHat_disk_L5_BTH,APC_3_view_3_fk_NL_05_005,7.225377,0.152568,1.256019,0.041708,0.769814,0.629319,18.448893,0.227186,0.606646,0.563314,0.976086,0.278804
Promedio,Athena_2_men_in_front_of_house_meting003,6.448731,0.091424,0.93135,0.014374,0.928326,0.869955,6.632962,0.306852,1e-06,0.763147,1.766055,0.255845
PiramideLaplace,Athena_2_men_in_front_of_house_meting003,6.893034,0.181545,0.995518,0.025266,1.568092,1.124265,12.518107,0.485597,0.109835,0.693252,1.751728,0.340456
Curvelet,Athena_2_men_in_front_of_house_meting003,6.599008,0.101189,0.953054,0.026023,0.763959,0.573634,12.247828,0.439886,0.187773,0.697897,1.774853,0.219809
TopHat_disk_L3,Athena_2_men_in_front_of_house_meting003,6.670402,0.10955,0.963365,0.022242,0.865289,0.592095,10.231722,0.454734,0.094716,0.723647,1.804495,0.265784
TopHat_square_L3,Athena_2_men_in_front_of_house_meting003,6.697603,0.113056,0.967293,0.022366,0.863631,0.57995,10.226524,0.443006,0.099703,0.720187,1.811598,0.266009
TopHat_cross_L3,Athena_2_men_in_front_of_house_meting003,6.652383,0.107594,0.960763,0.022037,0.839522,0.609493,10.127372,0.441353,0.103486,0.727073,1.803428,0.259106
TopHat_disk_L5,Athena_2_men_in_front_of_house_meting003,6.752704,0.11811,0.975251,0.022925,0.838988,0.548606,10.582674,0.460523,0.110561,0.716969,1.820398,0.27283
TopHat_disk_L3_BTH,Athena_2_men_in_front_of_house_meting003,6.985973,0.139899,1.008941,0.045066,0.569909,0.400686,21.722532,0.31548,0.525205,0.559885,1.67684,0.246721
TopHat_square_L3_BTH,Athena_2_men_in_front_of_house_meting003,7.021603,0.144425,1.014087,0.044501,0.565244,0.393007,21.274862,0.31882,0.520826,0.558486,1.678419,0.249431
TopHat_cross_L3_BTH,Athena_2_men_in_front_of_house_meting003,6.982261,0.138909,1.008405,0.045473,0.550099,0.394631,22.01927,0.301304,0.528208,0.553954,1.686865,0.23581
TopHat_disk_L5_BTH,Athena_2_men_in_front_of_house_meting003,7.152024,0.160702,1.032923,0.048634,0.499669,0.341621,23.009758,0.279869,0.563724,0.507194,1.614905,0.234301
Promedio,Athena_APC_4_fennek01_005,5.403287,0.04095,0.860905,0.013276,0.445485,0.161414,5.437461,0.264083,0.0,0.804456,1.689376,0.235924
PiramideLaplace,Athena_APC_4_fennek01_005,6.177994,0.070026,0.984339,0.022636,1.401432,0.284571,9.772357,0.417665,0.146011,0.734074,1.548135,0.316216
Curvelet,Athena_APC_4_fennek01_005,5.706753,0.050722,0.909256,0.023623,0.368307,0.144416,10.112121,0.323694,0.25689,0.740005,1.724648,0.209192
TopHat_disk_L3,Athena_APC_4_fennek01_005,5.68634,0.051626,0.906004,0.020539,0.492506,0.134441,9.227126,0.387984,0.117923,0.755123,1.727325,0.24065
TopHat_square_L3,Athena_APC_4_fennek01_005,5.709312,0.052592,0.909664,0.020581,0.495897,0.133553,9.211009,0.377318,0.12182,0.750852,1.722315,0.240777
TopHat_cross_L3,Athena_APC_4_fennek01_005,5.689379,0.051868,0.906488,0.020499,0.468994,0.143208,9.149104,0.379902,0.131269,0.762114,1.742759,0.2376
TopHat_disk_L5,Athena_APC_4_fennek01_005,5.760073,0.054626,0.917752,0.020961,0.49158,0.131271,9.377169,0.385406,0.134412,0.748711,1.721636,0.242097
TopHat_disk_L3_BTH,Athena_APC_4_fennek01_005,6.42145,0.085769,1.023129,0.04017,0.325013,0.132873,17.643547,0.251563,0.583602,0.586564,1.7244,0.236231
TopHat_square_L3_BTH,Athena_APC_4_fennek01_005,6.463314,0.088796,1.029799,0.039759,0.326378,0.13211,17.28578,0.253735,0.58037,0.583625,1.716247,0.239965
TopHat_cross_L3_BTH,Athena_APC_4_fennek01_005,6.439993,0.088418,1.026083,0.041541,0.32304,0.133418,18.263063,0.230446,0.604934,0.574358,1.715533,0.227942
TopHat_disk_L5_BTH,Athena_APC_4_fennek01_005,6.646156,0.10441,1.058931,0.04328,0.309925,0.126018,18.851894,0.225124,0.622086,0.5384,1.651459,0.226983
Promedio,Athena_heather_IR_hei_vis_g,7.089164,0.197013,1.0,0.01397,5.064214,5.064214,5.673499,0.150041,0.0,1.0,0.0,1.0
PiramideLaplace,Athena_heather_IR_hei_vis_g,7.089164,0.197013,1.0,0.01397,5.064214,5.064214,5.673499,0.153559,8.1e-05,1.0,0.040933,1.0
Curvelet,Athena_heather_IR_hei_vis_g,7.089164,0.197013,1.0,0.01397,5.012636,5.012636,5.673499,0.961888,0.015515,0.999999,-0.625514,1.0
TopHat_disk_L3,Athena_heather_IR_hei_vis_g,7.089164,0.197013,1.0,0.01397,5.064214,5.064214,5.673499,0.168585,0.000297,1.0,0.12145,1.0
TopHat_square_L3,Athena_heather_IR_hei_vis_g,7.089164,0.197013,1.0,0.01397,5.064214,5.064214,5.673499,0.17557,0.000367,1.0,0.143596,1.0
TopHat_cross_L3,Athena_heather_IR_hei_vis_g,7.089164,0.197013,1.0,0.01397,5.064214,5.064214,5.673499,0.160762,0.00017,1.0,0.083291,1.0
TopHat_disk_L5,Athena_heather_IR_hei_vis_g,7.089164,0.197013,1.0,0.01397,5.064214,5.064214,5.673499,0.185648,0.000561,1.0,0.178265,1.0
TopHat_disk_L3_BTH,Athena_heather_IR_hei_vis_g,7.101286,0.224225,1.00171,0.025104,2.899943,2.899943,10.944359,0.442427,0.445793,0.852178,0.781653,0.754231
TopHat_square_L3_BTH,Athena_heather_IR_hei_vis_g,7.067753,0.228101,0.99698,0.02476,2.806753,2.806753,10.814403,0.436282,0.430777,0.842823,0.796189,0.751157
TopHat_cross_L3_BTH,Athena_heather_IR_hei_vis_g,7.096012,0.223565,1.000966,0.025107,3.03031,3.03031,11.15591,0.383055,0.421764,0.850387,0.739216,0.738535
TopHat_disk_L5_BTH,Athena_heather_IR_hei_vis_g,6.990466,0.240187,0.986078,0.02664,2.527234,2.527234,12.315117,0.37075,0.476819,0.781511,0.771264,0.666144
Promedio,Athena_heather_hei_vis,6.666136,0.10379,0.929054,0.014567,0.94487,0.74817,6.769429,0.270244,1e-06,0.729533,1.633973,0.250503
PiramideLaplace,Athena_heather_hei_vis,6.780314,0.111148,0.944967,0.026328,0.505479,0.993552,12.809468,0.454148,0.147899,0.64496,1.241746,0.264915
Curvelet,Athena_heather_hei_vis,6.779874,0.110739,0.944906,0.026802,0.804471,0.637979,12.841759,0.397748,0.195359,0.668155,1.649853,0.215519
TopHat_disk_L3,Athena_heather_hei_vis,6.754774,0.108971,0.941408,0.023785,0.901171,0.561918,10.883058,0.423009,0.104768,0.683009,1.654315,0.261491
TopHat_square_L3,Athena_heather_hei_vis,6.765098,0.1098,0.942847,0.02382,0.902281,0.539676,10.78093,0.407219,0.108092,0.679195,1.654703,0.262073
TopHat_cross_L3,Athena_heather_hei_vis,6.747403,0.108671,0.94038,0.023004,0.894826,0.582729,10.551117,0.411814,0.104565,0.689116,1.650636,0.250035
TopHat_disk_L5,Athena_heather_hei_vis,6.787808,0.112048,0.946012,0.024309,0.915049,0.505985,11.111609,0.425855,0.118767,0.677102,1.658733,0.267525
TopHat_disk_L3_BTH,Athena_heather_hei_vis,7.126303,0.151197,0.993188,0.048359,0.590102,0.507481,22.312571,0.288822,0.563744,0.511469,1.620558,0.239062
TopHat_square_L3_BTH,Athena_heather_hei_vis,7.151939,0.157385,0.99676,0.047979,0.579785,0.501755,21.969687,0.29093,0.556027,0.507001,1.612203,0.244654
TopHat_cross_L3_BTH,Athena_heather_hei_vis,7.116314,0.151679,0.991795,0.047675,0.611701,0.499782,22.269678,0.279197,0.5525,0.510855,1.609635,0.226661
TopHat_disk_L5_BTH,Athena_heather_hei_vis,7.198391,0.180773,1.003234,0.051357,0.526219,0.45633,23.508064,0.25194,0.592794,0.459835,1.554139,0.230401
Promedio,Athena_helicopter_helib_011,4.856442,0.03788,1.050116,0.007113,1.07856,0.633429,3.065738,0.2652,1e-06,0.859311,1.684553,0.275639
PiramideLaplace,Athena_helicopter_helib_011,5.213308,0.05503,1.127282,0.013069,2.452867,0.388618,5.771585,0.283192,0.084441,0.787622,1.671635,0.422979
Curvelet,Athena_helicopter_helib_011,5.140431,0.042449,1.111524,0.013523,0.942824,0.501599,5.906992,0.393015,0.230702,0.814526,1.693921,0.290233
TopHat_disk_L3,Athena_helicopter_helib_011,5.119494,0.047579,1.106996,0.011754,1.016635,0.564255,5.327517,0.381939,0.093226,0.82694,1.702065,0.329102
TopHat_square_L3,Athena_helicopter_helib_011,5.144967,0.04993,1.112504,0.011847,1.033968,0.573428,5.380738,0.357096,0.092969,0.825202,1.703782,0.336535
TopHat_cross_L3,Athena_helicopter_helib_011,5.102094,0.04732,1.103234,0.011689,1.033566,0.578867,5.29178,0.417857,0.108835,0.83067,1.700522,0.327599
TopHat_disk_L5,Athena_helicopter_helib_011,5.183027,0.052429,1.120734,0.012054,1.030518,0.575381,5.490366,0.390798,0.112241,0.82316,1.709422,0.33541
TopHat_disk_L3_BTH,Athena_helicopter_helib_011,5.605088,0.055003,1.211997,0.023287,0.751847,0.366548,10.609329,0.284231,0.55089,0.684817,1.60538,0.351773
TopHat_square_L3_BTH,Athena_helicopter_helib_011,5.639877,0.05743,1.21952,0.023055,0.756096,0.37572,10.381778,0.292454,0.547011,0.686944,1.591603,0.357692
TopHat_cross_L3_BTH,Athena_helicopter_helib_011,5.626783,0.056014,1.216688,0.024094,0.748871,0.388514,11.092714,0.255983,0.575932,0.673133,1.595703,0.333454
TopHat_disk_L5_BTH,Athena_helicopter_helib_011,5.797704,0.068992,1.253647,0.025176,0.782849,0.388479,11.790112,0.253585,0.600572,0.651419,1.317466,0.335993
Promedio,Athena_lake_lake,6.546921,0.094846,0.947415,0.012359,1.378785,0.464554,6.228779,0.292497,1e-06,0.780191,1.657808,0.27514
PiramideLaplace,Athena_lake_lake,7.091986,0.167132,1.026292,0.022965,2.305681,0.60784,12.017549,0.418493,0.093934,0.702895,1.740132,0.366787
Curvelet,Athena_lake_lake,6.645411,0.102031,0.961667,0.022982,1.121119,0.363358,11.847757,0.454213,0.173484,0.714573,1.666616,0.237723
TopHat_disk_L3,Athena_lake_lake,6.707826,0.106395,0.9707,0.019919,1.275905,0.373783,9.478923,0.467461,0.086487,0.734905,1.708612,0.293439
TopHat_square_L3,Athena_lake_lake,6.725526,0.108054,0.973261,0.020003,1.271342,0.367365,9.390312,0.447918,0.090338,0.732141,1.7158,0.294688
TopHat_cross_L3,Athena_lake_lake,6.685125,0.104899,0.967415,0.019294,1.251186,0.384193,9.256289,0.45083,0.091321,0.740784,1.700763,0.280407
TopHat_disk_L5,Athena_lake_lake,6.758922,0.110912,0.978094,0.020418,1.265038,0.357318,9.691928,0.470491,0.099221,0.729694,1.725799,0.301029
TopHat_disk_L3_BTH,Athena_lake_lake,6.958022,0.12811,1.006906,0.039656,0.684139,0.276282,18.569696,0.335186,0.514762,0.56339,1.623703,0.259337
TopHat_square_L3_BTH,Athena_lake_lake,7.007724,0.132395,1.014098,0.039482,0.659761,0.275314,18.213253,0.339726,0.512317,0.560734,1.61645,0.265195
TopHat_cross_L3_BTH,Athena_lake_lake,6.967411,0.128847,1.008265,0.039296,0.702403,0.278621,18.626837,0.327008,0.502841,0.562724,1.621186,0.24987
TopHat_disk_L5_BTH,Athena_lake_lake,7.212237,0.157472,1.043694,0.043646,0.6079,0.304031,19.899467,0.286257,0.568621,0.510682,1.508081,0.255383
Promedio,Athena_man_in_doorway_maninhuis,6.763361,0.104724,0.94315,0.018532,0.9226,0.671315,8.069038,0.315058,1e-06,0.714538,1.69597,0.247164
PiramideLaplace,Athena_man_in_doorway_maninhuis,7.213306,0.179531,1.005895,0.032614,1.92017,0.652096,15.188431,0.493029,0.10197,0.644183,1.582602,0.32455
Curvelet,Athena_man_in_doorway_maninhuis,6.92723,0.11844,0.966001,0.033113,0.804363,0.389891,14.854623,0.445432,0.17946,0.648834,1.709305,0.206122
TopHat_disk_L3,Athena_man_in_doorway_maninhuis,6.995466,0.125354,0.975517,0.028695,0.933837,0.386169,12.42565,0.468945,0.093966,0.675855,1.731031,0.259376
TopHat_square_L3,Athena_man_in_doorway_maninhuis,7.018033,0.128295,0.978664,0.028813,0.933934,0.371059,12.349736,0.457667,0.099065,0.672833,1.732097,0.259063
TopHat_cross_L3,Athena_man_in_doorway_maninhuis,6.986268,0.124484,0.974234,0.028565,0.900775,0.409338,12.41445,0.45633,0.103173,0.678593,1.731244,0.250491
TopHat_disk_L5,Athena_man_in_doorway_maninhuis,7.061343,0.133531,0.984703,0.029458,0.925794,0.350846,12.76997,0.471502,0.10804,0.669639,1.73846,0.262579
TopHat_disk_L3_BTH,Athena_man_in_doorway_maninhuis,7.304202,0.167466,1.01857,0.055506,0.549982,0.27384,24.647232,0.330335,0.496921,0.523647,1.629048,0.221304
TopHat_square_L3_BTH,Athena_man_in_doorway_maninhuis,7.340844,0.173006,1.02368,0.055103,0.531554,0.263697,24.17695,0.329981,0.495137,0.519681,1.619646,0.222443
TopHat_cross_L3_BTH,Athena_man_in_doorway_maninhuis,7.305469,0.167788,1.018747,0.055854,0.541204,0.272469,25.054232,0.316243,0.500234,0.518725,1.634589,0.211369
TopHat_disk_L5_BTH,Athena_man_in_doorway_maninhuis,7.415645,0.195723,1.034111,0.059586,0.456231,0.254119,26.074444,0.286286,0.53356,0.472858,1.55731,0.211038
Promedio,Athena_soldier_behind_smoke_1_meting012-1200,6.92056,0.134397,1.017951,0.016072,1.312939,0.725991,7.326989,0.30777,0.0,0.699628,1.315263,0.265548
PiramideLaplace,Athena_soldier_behind_smoke_1_meting012-1200,7.178976,0.231231,1.055961,0.028478,3.543671,0.163047,14.025081,0.416233,0.077505,0.63295,1.238539,0.39918
Curvelet,Athena_soldier_behind_smoke_1_meting012-1200,7.051189,0.14202,1.037165,0.029107,1.187209,0.469135,13.748524,0.445639,0.189824,0.634983,1.319102,0.224713
TopHat_disk_L3,Athena_soldier_behind_smoke_1_meting012-1200,7.051687,0.140669,1.037238,0.025632,1.226522,0.464453,11.409126,0.484343,0.092882,0.658245,1.31477,0.28583
TopHat_square_L3,Athena_soldier_behind_smoke_1_meting012-1200,7.060103,0.141247,1.038476,0.025692,1.215728,0.456053,11.302873,0.469131,0.096524,0.655427,1.316228,0.286779
TopHat_cross_L3,Athena_soldier_behind_smoke_1_meting012-1200,7.041198,0.13985,1.035696,0.025317,1.209579,0.483861,11.219651,0.476581,0.103389,0.66263,1.314447,0.276234
TopHat_disk_L5,Athena_soldier_behind_smoke_1_meting012-1200,7.07875,0.14206,1.041219,0.026218,1.167987,0.454459,11.649697,0.485842,0.104715,0.652913,1.316606,0.292517
TopHat_disk_L3_BTH,Athena_soldier_behind_smoke_1_meting012-1200,7.364422,0.168164,1.083239,0.047385,0.931248,0.295639,21.199465,0.343057,0.491959,0.507253,1.303121,0.238514
TopHat_square_L3_BTH,Athena_soldier_behind_smoke_1_meting012-1200,7.383312,0.170656,1.086017,0.047031,0.91833,0.287178,20.71999,0.342104,0.492691,0.504744,1.301717,0.239719
TopHat_cross_L3_BTH,Athena_soldier_behind_smoke_1_meting012-1200,7.367467,0.168067,1.083687,0.047857,0.915833,0.302796,21.463167,0.32739,0.496112,0.502147,1.297644,0.227165
TopHat_disk_L5_BTH,Athena_soldier_behind_smoke_1_meting012-1200,7.473547,0.182767,1.09929,0.051021,0.788716,0.264688,22.389175,0.305424,0.533094,0.463392,1.263183,0.224968
Promedio,Athena_soldier_behind_smoke_2_meting012-1500,6.886312,0.129267,1.108649,0.013703,1.381917,1.127994,6.991381,0.317497,1e-06,0.709939,1.466418,0.296107
PiramideLaplace,Athena_soldier_behind_smoke_2_meting012-1500,6.546221,0.234678,1.053897,0.022605,2.540024,0.191954,13.161001,0.46809,0.10532,0.637995,1.444658,0.333087
Curvelet,Athena_soldier_behind_smoke_2_meting012-1500,6.976357,0.135044,1.123146,0.025275,1.233951,0.622288,13.239248,0.471022,0.19341,0.650526,1.473313,0.267472
TopHat_disk_L3,Athena_soldier_behind_smoke_2_meting012-1500,6.945427,0.132986,1.118166,0.022238,1.247942,0.607335,10.825325,0.472861,0.104465,0.663109,1.4871,0.320455
TopHat_square_L3,Athena_soldier_behind_smoke_2_meting012-1500,6.954745,0.133746,1.119667,0.02222,1.231568,0.584843,10.722193,0.449847,0.107614,0.660274,1.493917,0.318716
TopHat_cross_L3,Athena_soldier_behind_smoke_2_meting012-1500,6.942804,0.132541,1.117744,0.021421,1.243278,0.6725,10.411351,0.468431,0.100715,0.669098,1.494212,0.309558
TopHat_disk_L5,Athena_soldier_behind_smoke_2_meting012-1500,6.975351,0.135014,1.122984,0.022701,1.192119,0.554999,11.007793,0.462035,0.11867,0.657017,1.504795,0.323819
TopHat_disk_L3_BTH,Athena_soldier_behind_smoke_2_meting012-1500,7.222729,0.158349,1.16281,0.043568,0.919259,0.391433,21.458595,0.334137,0.529488,0.501166,1.496742,0.287503
TopHat_square_L3_BTH,Athena_soldier_behind_smoke_2_meting012-1500,7.249405,0.160939,1.167105,0.042784,0.908628,0.37944,20.786083,0.336345,0.522135,0.50289,1.505601,0.287816
TopHat_cross_L3_BTH,Athena_soldier_behind_smoke_2_meting012-1500,7.209192,0.157036,1.160631,0.043276,0.89393,0.42691,21.568184,0.326146,0.52261,0.499572,1.496735,0.27656
TopHat_disk_L5_BTH,Athena_soldier_behind_smoke_2_meting012-1500,7.35541,0.171695,1.184171,0.046871,0.770982,0.352571,22.557781,0.28811,0.570939,0.459452,1.482128,0.26545
Promedio,Athena_soldier_behind_smoke_3_meting012-1700,6.825208,0.114165,0.975549,0.018352,1.283394,0.360847,8.602112,0.309487,0.0,0.709777,1.448715,0.253619
PiramideLaplace,Athena_soldier_behind_smoke_3_meting012-1700,7.369294,0.200093,1.053317,0.033439,3.045565,0.150279,16.543163,0.505458,0.110486,0.637177,1.528053,0.353709
Curvelet,Athena_soldier_behind_smoke_3_meting012-1700,6.967591,0.122828,0.995901,0.034417,1.140721,0.218179,16.522974,0.476918,0.205164,0.640379,1.458499,0.232685
TopHat_disk_L3,Athena_soldier_behind_smoke_3_meting012-1700,6.954505,0.123106,0.99403,0.031601,1.188617,0.216968,14.655961,0.518614,0.11804,0.650917,1.486474,0.282428
TopHat_square_L3,Athena_soldier_behind_smoke_3_meting012-1700,6.968817,0.12448,0.996076,0.031629,1.183996,0.217212,14.56483,0.496256,0.120597,0.648071,1.497555,0.282539
TopHat_cross_L3,Athena_soldier_behind_smoke_3_meting012-1700,6.941384,0.121825,0.992155,0.030233,1.172953,0.239267,14.047768,0.498763,0.112097,0.659443,1.49198,0.266967
TopHat_disk_L5,Athena_soldier_behind_smoke_3_meting012-1700,6.995708,0.127028,0.99992,0.032065,1.148603,0.226213,14.857623,0.515212,0.131728,0.64648,1.518776,0.284688
TopHat_disk_L3_BTH,Athena_soldier_behind_smoke_3_meting012-1700,7.251557,0.15154,1.036489,0.06196,0.794898,0.176329,28.798002,0.328769,0.571601,0.47703,1.441516,0.244673
TopHat_square_L3_BTH,Athena_soldier_behind_smoke_3_meting012-1700,7.283924,0.154814,1.041115,0.061368,0.791237,0.178617,28.20402,0.333179,0.565745,0.476725,1.452699,0.249304
TopHat_cross_L3_BTH,Athena_soldier_behind_smoke_3_meting012-1700,7.240009,0.150901,1.034838,0.060936,0.779905,0.192189,28.739298,0.3191,0.563368,0.478238,1.445034,0.229175
TopHat_disk_L5_BTH,Athena_soldier_behind_smoke_3_meting012-1700,7.390527,0.168472,1.056352,0.064729,0.677193,0.193977,29.743925,0.290273,0.606171,0.444477,1.44268,0.227931
Promedio,Athena_soldier_in_trench_1_meting016,6.539643,0.095847,0.953625,0.013709,1.54994,0.594787,7.264414,0.328512,1e-06,0.793131,1.627776,0.293981
PiramideLaplace,Athena_soldier_in_trench_1_meting016,7.148477,0.173186,1.042406,0.026355,2.887815,0.73847,14.310449,0.419864,0.082084,0.713599,1.787033,0.424642
Curvelet,Athena_soldier_in_trench_1_meting016,6.677247,0.104594,0.97369,0.026262,1.261207,0.467142,13.979588,0.558754,0.155659,0.718393,1.635006,0.279012
TopHat_disk_L3,Athena_soldier_in_trench_1_meting016,6.685407,0.102349,0.97488,0.02365,1.301299,0.451189,11.439122,0.53336,0.092848,0.735348,1.635214,0.323142
TopHat_square_L3,Athena_soldier_in_trench_1_meting016,6.695747,0.102859,0.976388,0.023723,1.274493,0.447107,11.356452,0.502774,0.095905,0.733213,1.639495,0.322775
TopHat_cross_L3,Athena_soldier_in_trench_1_meting016,6.658226,0.100836,0.970917,0.022701,1.313293,0.476137,11.089567,0.540254,0.089256,0.742866,1.633817,0.309684
TopHat_disk_L5,Athena_soldier_in_trench_1_meting016,6.718671,0.104102,0.979731,0.024066,1.217876,0.441831,11.640611,0.534993,0.104597,0.730765,1.648886,0.328786
TopHat_disk_L3_BTH,Athena_soldier_in_trench_1_meting016,6.893774,0.135613,1.005265,0.046098,0.860524,0.333584,22.438786,0.371976,0.512423,0.537784,1.645096,0.309155
TopHat_square_L3_BTH,Athena_soldier_in_trench_1_meting016,6.920699,0.137926,1.009191,0.045787,0.853193,0.32831,22.086304,0.374942,0.508761,0.538125,1.643095,0.314403
TopHat_cross_L3_BTH,Athena_soldier_in_trench_1_meting016,6.875251,0.134577,1.002564,0.045464,0.859695,0.34152,22.59271,0.368843,0.499385,0.536809,1.64374,0.296555
TopHat_disk_L5_BTH,Athena_soldier_in_trench_1_meting016,7.069325,0.156193,1.030864,0.048448,0.77128,0.30657,23.378489,0.327216,0.547853,0.498575,1.571285,0.291537
Promedio,Athena_soldier_in_trench_2_meting055,6.318606,0.078825,0.956771,0.015133,1.766084,0.283238,7.636648,0.370916,0.0,0.787556,1.596647,0.348529
PiramideLaplace,Athena_soldier_in_trench_2_meting055,6.731575,0.122794,1.019303,0.029508,2.156685,0.542612,15.115273,0.495139,0.080243,0.699687,1.646643,0.463679
Curvelet,Athena_soldier_in_trench_2_meting055,6.447782,0.088957,0.976331,0.029294,1.342805,0.19762,14.837366,0.657389,0.126237,0.705037,1.611539,0.342277
TopHat_disk_L3,Athena_soldier_in_trench_2_meting055,6.517438,0.09039,0.986878,0.027289,1.462437,0.206342,13.012887,0.614388,0.077754,0.71483,1.620862,0.398318
TopHat_square_L3,Athena_soldier_in_trench_2_meting055,6.530792,0.091485,0.9889,0.027354,1.452056,0.202158,12.951428,0.585935,0.078025,0.713473,1.625346,0.401731
TopHat_cross_L3,Athena_soldier_in_trench_2_meting055,6.48207,0.088609,0.981523,0.026375,1.459978,0.206467,12.64746,0.638737,0.076851,0.721199,1.614286,0.381572
TopHat_disk_L5,Athena_soldier_in_trench_2_meting055,6.558951,0.093691,0.993164,0.02766,1.416841,0.19782,13.230527,0.624181,0.085747,0.711593,1.639662,0.41175
TopHat_disk_L3_BTH,Athena_soldier_in_trench_2_meting055,6.786698,0.120672,1.02765,0.05322,0.807231,0.157067,24.838364,0.400745,0.522543,0.511792,1.621801,0.346708
TopHat_square_L3_BTH,Athena_soldier_in_trench_2_meting055,6.81791,0.123055,1.032376,0.053253,0.788709,0.157977,24.680845,0.402795,0.521906,0.510708,1.61553,0.358474
TopHat_cross_L3_BTH,Athena_soldier_in_trench_2_meting055,6.796728,0.12072,1.029168,0.052311,0.843555,0.155038,24.791063,0.398136,0.510662,0.510815,1.622836,0.329261
TopHat_disk_L5_BTH,Athena_soldier_in_trench_2_meting055,6.954479,0.140652,1.053055,0.054978,0.763239,0.16257,25.575855,0.365139,0.551139,0.483045,1.542795,0.338683
Promedio,Triclobs_Bosnia_R,6.537808,0.188225,1.097358,0.012135,1.299445,1.693914,7.826492,0.346987,0.0,0.800264,0.88366,0.350692
PiramideLaplace,Triclobs_Bosnia_R,6.660797,0.208484,1.118001,0.020395,0.59469,2.233258,14.333267,0.536349,0.116631,0.711366,0.81171,0.387672
Curvelet,Triclobs_Bosnia_R,6.786896,0.192044,1.139167,0.022581,1.003491,1.40862,14.492273,0.477803,0.207149,0.729689,0.908348,0.322536
TopHat_disk_L3,Triclobs_Bosnia_R,6.704151,0.197864,1.125278,0.019912,1.157663,1.416656,12.811136,0.487272,0.106472,0.745543,0.980983,0.38386
TopHat_square_L3,Triclobs_Bosnia_R,6.70605,0.198414,1.125597,0.019853,1.153207,1.410168,12.722853,0.466894,0.106862,0.744958,0.984952,0.384343
TopHat_cross_L3,Triclobs_Bosnia_R,6.686594,0.195557,1.122331,0.019449,1.15133,1.461339,12.460256,0.493841,0.107428,0.753293,0.950557,0.37479
TopHat_disk_L5,Triclobs_Bosnia_R,6.694105,0.214181,1.123592,0.02109,1.047085,1.3936,14.606936,0.515323,0.129669,0.74286,1.106705,0.394667
TopHat_disk_L3_BTH,Triclobs_Bosnia_R,7.045366,0.20232,1.182551,0.037167,0.863639,1.142798,22.49485,0.34485,0.519694,0.586544,0.866628,0.335129
TopHat_square_L3_BTH,Triclobs_Bosnia_R,7.061226,0.203708,1.185213,0.036743,0.85747,1.137237,21.699932,0.350788,0.50601,0.587894,0.890139,0.343961
TopHat_cross_L3_BTH,Triclobs_Bosnia_R,7.0532,0.201402,1.183865,0.036241,0.902807,1.149044,21.715454,0.347947,0.502496,0.591203,0.86257,0.329795
TopHat_disk_L5_BTH,Triclobs_Bosnia_R,7.166629,0.225703,1.202904,0.040393,0.767192,1.105178,24.934269,0.332217,0.566245,0.552578,0.922804,0.330865
Promedio,Triclobs_jeep_in_smoke_R,6.905015,0.119899,1.010877,0.021915,1.583581,1.385774,11.851893,0.304026,0.0,0.712873,1.248729,0.283392
PiramideLaplace,Triclobs_jeep_in_smoke_R,6.930674,0.143452,1.014634,0.03888,0.882101,1.382363,22.472019,0.605105,0.116586,0.610897,0.988902,0.386489
Curvelet,Triclobs_jeep_in_smoke_R,7.061227,0.132425,1.033746,0.041601,1.307232,0.980188,22.923622,0.465159,0.230311,0.63071,1.310934,0.269478
TopHat_disk_L3,Triclobs_jeep_in_smoke_R,7.111489,0.139031,1.041105,0.037745,1.63397,1.054038,21.424404,0.542925,0.112789,0.633328,1.297282,0.347426
TopHat_square_L3,Triclobs_jeep_in_smoke_R,7.115048,0.140726,1.041626,0.037696,1.657485,1.058219,21.365522,0.526087,0.112752,0.632295,1.294977,0.349233
TopHat_cross_L3,Triclobs_jeep_in_smoke_R,7.087151,0.136283,1.037542,0.036943,1.607956,1.08832,20.842323,0.5386,0.108335,0.643047,1.284719,0.334111
TopHat_disk_L5,Triclobs_jeep_in_smoke_R,7.200845,0.154306,1.054186,0.038723,1.676968,1.163143,22.426613,0.558647,0.126709,0.631752,1.32362,0.351025
TopHat_disk_L3_BTH,Triclobs_jeep_in_smoke_R,7.417334,0.174015,1.08588,0.073312,0.885595,0.690964,40.733028,0.331709,0.572337,0.477922,1.258572,0.286322
TopHat_square_L3_BTH,Triclobs_jeep_in_smoke_R,7.436487,0.178177,1.088683,0.073387,0.884937,0.69959,40.51897,0.331626,0.569913,0.476969,1.276086,0.301793
TopHat_cross_L3_BTH,Triclobs_jeep_in_smoke_R,7.407263,0.172164,1.084405,0.07222,0.936154,0.723336,40.149944,0.320115,0.572979,0.482479,1.248313,0.264544
TopHat_disk_L5_BTH,Triclobs_jeep_in_smoke_R,7.527362,0.196546,1.101987,0.076609,0.877781,0.783139,42.459171,0.317216,0.596597,0.457634,1.273944,0.273243
TopHat_Optimo,APC_1_view_1_fk_06_005,6.457471,0.092401,1.199861,0.022082,1.076878,0.886348,14.455348,0.374632,0.114737,0.774484,1.43703,0.282179
TopHat_Optimo,APC_1_view_2_fk_ref_01_005,6.673863,0.109624,1.095073,0.022045,1.550944,0.847585,14.042182,0.458642,0.12298,0.814663,1.131477,0.346614
TopHat_Optimo,APC_1_view_3_fk_ref_02_005,6.995213,0.13805,1.089264,0.026893,1.78143,0.984778,16.537086,0.468009,0.131985,0.772578,1.049394,0.318875
TopHat_Optimo,APC_3_view_1_fk_bar_06_005,6.484897,0.095772,1.188539,0.021523,1.180764,1.244607,13.885112,0.427561,0.135213,0.830031,1.116929,0.348749
TopHat_Optimo,APC_3_view_2_fk_NL_01_005,6.695157,0.119165,1.120665,0.019972,1.369897,1.065152,11.014258,0.399003,0.153891,0.822492,1.138383,0.335402
TopHat_Optimo,APC_3_view_3_fk_NL_05_005,6.859984,0.122648,1.192502,0.019946,1.571768,0.95569,9.389475,0.356343,0.121313,0.798607,1.140568,0.295272
TopHat_Optimo,Athena_2_men_in_front_of_house_meting003,6.483254,0.094235,0.936336,0.020476,0.873161,0.760948,9.849314,0.401683,0.071763,0.749525,1.772508,0.244636
TopHat_Optimo,Athena_APC_4_fennek01_005,5.567366,0.045981,0.887048,0.021096,0.417198,0.150553,9.69282,0.327615,0.142806,0.780284,1.727392,0.227992
TopHat_Optimo,Athena_heather_IR_hei_vis_g,7.098178,0.197338,1.001272,0.015549,4.512825,4.512825,6.214167,0.897667,0.057284,0.996548,0.187954,0.992556
TopHat_Optimo,Athena_heather_hei_vis,6.729061,0.10715,0.937824,0.024482,0.867337,0.677743,12.098656,0.376385,0.126487,0.698661,1.645836,0.230506
TopHat_Optimo,Athena_helicopter_helib_011,5.02694,0.039436,1.086983,0.011928,0.97661,0.550414,5.360686,0.349763,0.156838,0.838334,1.70269,0.305355
TopHat_Optimo,Athena_lake_lake,6.58397,0.097902,0.952776,0.018982,1.291556,0.423085,9.791927,0.417011,0.076167,0.758101,1.668208,0.258714
TopHat_Optimo,Athena_man_in_doorway_maninhuis,6.798957,0.108895,0.948114,0.025532,0.896408,0.567891,11.929628,0.408897,0.056381,0.7023,1.705904,0.236519
TopHat_Optimo,Athena_soldier_behind_smoke_1_meting012-1200,6.967426,0.136832,1.024845,0.023607,1.27711,0.618329,11.591885,0.409058,0.077922,0.683759,1.314873,0.251247
TopHat_Optimo,Athena_soldier_behind_smoke_2_meting012-1500,6.925157,0.131752,1.114903,0.022394,1.313367,0.89168,11.928263,0.454473,0.119071,0.684989,1.468453,0.292442
TopHat_Optimo,Athena_soldier_behind_smoke_3_meting012-1700,6.906214,0.11821,0.987128,0.032391,1.188199,0.263742,15.879501,0.461487,0.146167,0.66517,1.451219,0.243873
TopHat_Optimo,Athena_soldier_in_trench_1_meting016,6.608691,0.099844,0.963693,0.024159,1.340614,0.501201,12.399981,0.505951,0.110696,0.741717,1.636442,0.279326
TopHat_Optimo,Athena_soldier_in_trench_2_meting055,6.402879,0.084686,0.969531,0.028362,1.431515,0.21627,14.153836,0.591724,0.111374,0.715598,1.605877,0.321725
TopHat_Optimo,Triclobs_Bosnia_R,6.686366,0.189321,1.122293,0.02113,1.091924,1.486555,13.215672,0.442596,0.167277,0.745641,0.883227,0.351791
TopHat_Optimo,Triclobs_jeep_in_smoke_R,7.011651,0.128024,1.026489,0.041707,1.351979,1.026373,24.631136,0.427884,0.222302,0.64114,1.272403,0.274692
Optimo_Multiescala,APC_1_view_1_fk_06_005,6.51536,0.097461,1.210618,0.020164,0.95427,0.960549,12.564044,0.460328,0.068522,0.783681,1.500487,0.330809
Optimo_Multiescala,APC_1_view_2_fk_ref_01_005,6.736794,0.114391,1.105399,0.019951,1.489913,0.862566,11.762462,0.503808,0.088782,0.826513,1.216141,0.390888
Optimo_Multiescala,APC_1_view_3_fk_ref_02_005,6.999591,0.142308,1.089946,0.023734,1.681132,0.944232,13.523895,0.521695,0.07497,0.788489,1.109823,0.366836
Optimo_Multiescala,APC_3_view_1_fk_bar_06_005,6.579354,0.101617,1.20585,0.019139,1.15001,1.27833,11.598833,0.481293,0.089766,0.844695,1.25527,0.38948
Optimo_Multiescala,APC_3_view_2_fk_NL_01_005,6.7088,0.121992,1.122948,0.017629,1.295807,1.065372,9.036317,0.436842,0.104879,0.835737,1.192394,0.370515
Optimo_Multiescala,APC_3_view_3_fk_NL_05_005,6.876684,0.126367,1.195405,0.018197,1.448648,0.982468,7.99037,0.399489,0.091763,0.808901,1.202866,0.328381
Optimo_Multiescala,Athena_2_men_in_front_of_house_meting003,6.643814,0.105562,0.959525,0.020468,0.849363,0.667508,9.671927,0.484447,0.050659,0.751877,1.815077,0.282945
Optimo_Multiescala,Athena_APC_4_fennek01_005,5.710719,0.050812,0.909888,0.018495,0.449631,0.153003,7.79345,0.362113,0.083767,0.79491,1.806572,0.261405
Optimo_Multiescala,Athena_heather_IR_hei_vis_g,7.099127,0.206266,1.001405,0.017608,3.365546,3.365546,7.143731,0.91221,0.079782,0.978556,0.912685,1.036027
Optimo_Multiescala,Athena_heather_hei_vis,6.793346,0.112757,0.946783,0.021167,0.959265,0.688064,9.915132,0.439835,0.052515,0.714077,1.680917,0.284992
Optimo_Multiescala,Athena_helicopter_helib_011,5.058319,0.042841,1.093768,0.010419,1.085764,0.541904,4.509488,0.425811,0.067075,0.848475,1.740026,0.345694
Optimo_Multiescala,Athena_lake_lake,6.648965,0.103901,0.962182,0.018206,1.194055,0.394262,9.273739,0.503057,0.042213,0.761089,1.700792,0.3133
Optimo_Multiescala,Athena_man_in_doorway_maninhuis,6.976312,0.122394,0.972846,0.026511,0.893285,0.453137,11.733335,0.494892,0.051124,0.702953,1.76183,0.26864
Optimo_Multiescala,Athena_soldier_behind_smoke_1_meting012-1200,7.05814,0.144763,1.038188,0.023226,1.281426,0.528978,10.744698,0.496778,0.052597,0.685841,1.362758,0.298841
Optimo_Multiescala,Athena_soldier_behind_smoke_2_meting012-1500,6.994419,0.137649,1.126054,0.019764,1.300679,0.752586,10.119675,0.511451,0.050755,0.695038,1.515081,0.336279
Optimo_Multiescala,Athena_soldier_behind_smoke_3_meting012-1700,6.986563,0.125429,0.998612,0.027422,1.25635,0.25797,13.00394,0.514809,0.057694,0.69142,1.514612,0.285994
Optimo_Multiescala,Athena_soldier_in_trench_1_meting016,6.678566,0.105847,0.973883,0.02115,1.422261,0.535277,11.098871,0.595816,0.037287,0.765625,1.668102,0.343859
Optimo_Multiescala,Athena_soldier_in_trench_2_meting055,6.461343,0.08997,0.978384,0.024203,1.535497,0.247155,12.156476,0.693283,0.024067,0.748314,1.664051,0.414099
Optimo_Multiescala,Triclobs_Bosnia_R,6.668996,0.198403,1.119378,0.017792,1.051048,1.602613,11.606812,0.526358,0.064849,0.78082,1.034909,0.392614
Optimo_Multiescala,Triclobs_jeep_in_smoke_R,7.058349,0.135945,1.033325,0.033512,1.538036,1.255033,18.597158,0.509127,0.075587,0.686794,1.409351,0.332906
Propuesta_Novedosa,APC_1_view_1_fk_06_005,6.479287624438668,0.0933338180184364,1.2039151380880055,0.0184131022542715,1.0397188416293903,0.9813610003361092,10.909825325012209,0.4429764006316071,0.0378336318525036,0.7908907624831696,1.479466199874878,0.3229132734169242
Propuesta_Novedosa,APC_1_view_2_fk_ref_01_005,6.681710431518679,0.1101641654968261,1.0963603736798586,0.0182761345058679,1.5532023884866115,0.8709209045426123,10.27631664276123,0.4929353168885879,0.0501071168714947,0.8352774817036174,1.1628965139389038,0.3844920398222806
Propuesta_Novedosa,APC_1_view_3_fk_ref_02_005,6.95828264552315,0.1381182223558426,1.0835135362966295,0.0215249024331569,1.774569960041973,0.9828296441825628,11.813136100769045,0.5034884243868126,0.0404550801712809,0.798595033726994,1.0676062256097794,0.3602134832237471
Propuesta_Novedosa,APC_3_view_1_fk_bar_06_005,6.529389673820522,0.0971793830394744,1.1966930334643953,0.0175812914967536,1.2044881069066846,1.3208885320644463,10.16140365600586,0.4707413710260927,0.0508770178609691,0.8525306291926097,1.2051608562469482,0.3824605796230792
Propuesta_Novedosa,APC_3_view_2_fk_NL_01_005,6.676725052202438,0.1200135797262191,1.1175793463255042,0.0162964891642332,1.3661219210425437,1.0856634509577865,8.051596641540527,0.4279216702507776,0.0616049534306965,0.8426996276296883,1.1725603938102722,0.3629750300748645
Propuesta_Novedosa,APC_3_view_3_fk_NL_05_005,6.852452937876119,0.1246202886104583,1.1911923886689069,0.0169240031391382,1.535651170295545,1.002002303495664,7.280627250671387,0.3885850242911157,0.0555621009715325,0.8147188917174883,1.1822164058685305,0.3221994616617081
Propuesta_Novedosa,Athena_2_men_in_front_of_house_meting003,6.562072803725018,0.0996415838599205,0.9477196503905432,0.0187471136450767,0.8661850964397907,0.7265122110623803,8.703737258911133,0.4602700291962461,0.02702361444296,0.7583061751043341,1.799547553062439,0.2774858532935178
Propuesta_Novedosa,Athena_APC_4_fennek01_005,5.623977021308706,0.0477570369839668,0.8960674952457417,0.0171500779688358,0.4485550471652506,0.1561437320322456,7.138580799102783,0.3459926896618972,0.0493979710746837,0.8006660181724783,1.7772976756095886,0.2553683592636917
Propuesta_Novedosa,Athena_heather_IR_hei_vis_g,7.108718031790517,0.2018055319786071,1.0027582964559585,0.0165142081677913,3.7916901463122,3.7916901463122,6.652082443237305,0.9443061379656436,0.0529425455699417,0.9912964264262244,0.8291916251182556,1.043638504271592
Propuesta_Novedosa,Athena_heather_hei_vis,6.738358943249463,0.1085921302437782,0.939120011455265,0.0192858073860406,0.9490738557687703,0.7044211329748453,8.954588890075684,0.4123840649169638,0.02743927915237,0.7224021742634578,1.6633015275001526,0.2738518283517264
Propuesta_Novedosa,Athena_helicopter_helib_011,4.985972507872212,0.0401309132575988,1.0781248708074789,0.0094245243817567,1.0825258684264747,0.5540335760649643,4.050868034362793,0.3960508048627552,0.0331432900035656,0.8543269046869038,1.7161360383033752,0.3279050910579374
Propuesta_Novedosa,Athena_lake_lake,6.612477987852993,0.1002701669931411,0.9569017496847896,0.0165425315499305,1.2698355798463845,0.412120992151278,8.304757118225098,0.4759256339175139,0.0212781123156321,0.7696899971761617,1.687937319278717,0.304016988388788
Propuesta_Novedosa,Athena_man_in_doorway_maninhuis,6.889647742439862,0.1150073632597923,0.9607604774352854,0.0242668520659208,0.9003517502008793,0.5222064756032756,10.596353530883787,0.4722421959827289,0.0273263160163087,0.7098322335527787,1.7392113208770752,0.2653481066764033
Propuesta_Novedosa,Athena_soldier_behind_smoke_1_meting012-1200,7.008316421266826,0.1401512771844864,1.0308590641601012,0.0212128926068544,1.3094258747362482,0.583930939412221,9.66609001159668,0.4702203847117484,0.02761816132411,0.693479830402654,1.3422611057758331,0.292059605514794
Propuesta_Novedosa,Athena_soldier_behind_smoke_2_meting012-1500,6.95479934549712,0.1342770606279373,1.1196752829975494,0.0180341377854347,1.3339689984768517,0.840310231823772,9.148004531860352,0.4890072595030699,0.0256441498803242,0.7025065286066514,1.497622311115265,0.3289554868433664
Propuesta_Novedosa,Athena_soldier_behind_smoke_3_meting012-1700,6.92623250490201,0.1206848546862602,0.9899892020544117,0.0248161237686872,1.2738922202802931,0.2810140332526323,11.656853675842283,0.4871400341247828,0.0274935690077393,0.7006478453053867,1.4891720414161682,0.2791543568550736
Propuesta_Novedosa,Athena_soldier_in_trench_1_meting016,6.624566918335458,0.1018356755375862,0.966008441452598,0.0189594700932502,1.4700624977114198,0.5522935558403748,9.849556922912598,0.5668945606920806,0.0163336496235189,0.7777452429362105,1.6573813557624817,0.3323161876622082
Propuesta_Novedosa,Athena_soldier_in_trench_2_meting055,6.396881434031333,0.0854967460036277,0.968623220123794,0.0214821938425302,1.62177306933689,0.2543095741586501,10.700304985046388,0.6681971594943857,0.0094815894044327,0.7641052887473367,1.645161211490631,0.3998137320554175
Propuesta_Novedosa,Triclobs_Bosnia_R,6.637188834371697,0.1922529339790344,1.114038853653533,0.0159329362213611,1.1319398790659068,1.6217454892447467,10.10709285736084,0.5003874036133817,0.0306752422279528,0.7901313308865536,0.950088232755661,0.3848342754080437
Propuesta_Novedosa,Triclobs_jeep_in_smoke_R,7.00351374614893,0.1290455460548401,1.0252973226787068,0.0298431422561407,1.5598406637570812,1.3039696052228529,16.363126754760742,0.4806974615686118,0.0328125569078971,0.699384913804783,1.359343945980072,0.3219953346603624
Multiescala_n8,APC_1_view_1_fk_06_005,6.467994807542258,0.0919020771980285,1.2018168220382652,0.0180149916559457,1.0922987780792637,0.9858414726064996,10.71657371520996,0.43291191254499,0.0315984510408565,0.7926451860294963,1.464321792125702,0.3162282688289907
Multiescala_n8,APC_1_view_2_fk_ref_01_005,6.662225311655813,0.1086630821228027,1.0931631813571747,0.0178735014051198,1.5859338493340156,0.8773160211368073,10.088715553283691,0.487053193800483,0.0401455232086478,0.8372379699515426,1.139572262763977,0.378552837007052
Multiescala_n8,APC_1_view_3_fk_ref_02_005,6.951896356221644,0.1366816908121109,1.0825190910782625,0.0210669338703155,1.8301031381105253,0.9977924929352718,11.60511589050293,0.4962919574404036,0.0329806231398257,0.8005168942277612,1.0488616824150083,0.3545080629626332
Multiescala_n8,APC_3_view_1_fk_bar_06_005,6.502349869804918,0.095376543700695,1.1917372341158807,0.0172192696481943,1.232024412118937,1.3319919093290753,9.985679626464844,0.4650138835169413,0.0407854012606545,0.8541392623961869,1.1705968379974363,0.3760870029132872
Multiescala_n8,APC_3_view_2_fk_NL_01_005,6.666477373862167,0.1192438602447509,1.1158640452503017,0.0160080511122941,1.4040142685600134,1.0991652927213669,7.931081295013428,0.4236391949709087,0.0519385242595698,0.8441421595461293,1.1606448888778689,0.3578005840044892
Multiescala_n8,APC_3_view_3_fk_NL_05_005,6.841050396682111,0.1236479431390762,1.1892102341900763,0.0166057050228118,1.584824252968451,1.0105969639815084,7.171237945556641,0.3838641340343933,0.0459656505683894,0.8159763794588211,1.1676681637763977,0.3175570517984939
Multiescala_n8,Athena_2_men_in_front_of_house_meting003,6.526054035271374,0.097112588584423,0.9425176820998212,0.0183453690260648,0.8697072117908264,0.7491077975304294,8.515203475952148,0.4476549536301833,0.0228060657431722,0.759415828024582,1.7900692820549011,0.2719886090031392
Multiescala_n8,Athena_APC_4_fennek01_005,5.574371248687484,0.0460732840001583,0.8881638142289077,0.0168106239289045,0.4467224870620369,0.1570788013011229,7.015369415283203,0.338902492920744,0.0415615884002661,0.8020658707198305,1.7565744519233704,0.2505610209642597
Multiescala_n8,Athena_heather_IR_hei_vis_g,7.105869992794598,0.1995604187250137,1.002356551061217,0.0160507299005985,4.03820444549965,4.03820444549965,6.452863693237305,0.9465887410050332,0.0507235383988215,0.9946172424800797,0.6570263504981995,1.031537666427291
Multiescala_n8,Athena_heather_hei_vis,6.719397742105343,0.1070412024855613,0.9364774031309472,0.0188852399587631,0.9437210101617228,0.7093663127274685,8.806117057800293,0.3996221880586184,0.0236899433838238,0.7242442435193581,1.6551244258880615,0.2658706981540705
Multiescala_n8,Athena_helicopter_helib_011,4.967431791487396,0.0395044423639774,1.074115781823234,0.0091836461797356,1.0765714532371793,0.5710534474414546,3.939741849899292,0.3809403597312302,0.0279278709347159,0.8554993073639003,1.708760678768158,0.3187502132384506
Multiescala_n8,Athena_lake_lake,6.595226072308856,0.0988714471459388,0.9544051987397544,0.0160862654447555,1.3032007460776278,0.4194148437923956,8.118281364440918,0.4587945192002481,0.0176262412084742,0.7720128783450945,1.6808927059173584,0.2956858970925311
Multiescala_n8,Athena_man_in_doorway_maninhuis,6.852003731487081,0.1120365411043167,0.9555110250267412,0.023661945015192,0.8993064792028328,0.54438026744032,10.36329174041748,0.4578428132242332,0.0227014937272114,0.7110098955381999,1.72735333442688,0.2604732003641222
Multiescala_n8,Athena_soldier_behind_smoke_1_meting012-1200,6.989695508206239,0.1384859830141067,1.028120098642906,0.0206731837242841,1.3144572988616965,0.6057433274754114,9.458879470825195,0.4545350802779557,0.0230920953468888,0.6952741026110502,1.3334697782993317,0.2844961920561581
Multiescala_n8,Athena_soldier_behind_smoke_2_meting012-1500,6.9375794882831565,0.1329506337642669,1.1169030033757503,0.0177598968148231,1.349744914313605,0.8856981779282803,9.054798126220703,0.4814763249563805,0.0221867527176709,0.7040548446377384,1.487030863761902,0.3238350025159014
Multiescala_n8,Athena_soldier_behind_smoke_3_meting012-1700,6.899569431453322,0.1187765598297119,0.9861781612340084,0.0244175028055906,1.2738771390667505,0.2919947362026873,11.485516548156738,0.4796224626388572,0.0236022645289913,0.7018482678872001,1.4735459685325625,0.2745111169852705
Multiescala_n8,Athena_soldier_in_trench_1_meting016,6.608710924741647,0.1008449494838714,0.9636962867339484,0.0185445509850978,1.4838764719737791,0.5531398079176388,9.65420627593994,0.5533697889622926,0.013820201450446,0.7798930490775149,1.6554709076881409,0.3254030216401593
Multiescala_n8,Athena_soldier_in_trench_2_meting055,6.374712903644269,0.0840716063976287,0.9652664354920368,0.0209891051054,1.644457068840638,0.2526402639113061,10.46146011352539,0.654860898845375,0.0083237218360341,0.7667356979007611,1.635459542274475,0.3891032208486438
Multiescala_n8,Triclobs_Bosnia_R,6.620495367453057,0.1901055872440338,1.1112368886629882,0.0155471786856651,1.1774318953357956,1.6296539712502869,9.711678504943848,0.485746927729533,0.025713549737969,0.7909179947393884,0.9134311378002168,0.3784692854185862
Multiescala_n8,Triclobs_jeep_in_smoke_R,6.966483984088493,0.1248800605535507,1.019876255871938,0.0290675535798072,1.5685969385903211,1.2772578471858262,15.694955825805664,0.4569790707982199,0.0286181421422218,0.7002616607231851,1.312269926071167,0.3131627640864202
