escena,clase,objeto,VIS,IR,PiramideLaplace,RatioPiramide,DWT,DTCWT,Curvelet,TopHat_Clasico,Propuesta_Novedosa
00063,People,0,0,1,1,1,1,1,1,1,0
00063,People,1,1,1,1,1,1,1,1,1,1
00063,People,2,1,1,1,1,1,1,1,1,1
00063,People,3,1,1,1,1,1,1,1,1,1
00063,People,4,0,1,0,0,0,0,0,0,0
00063,Lamp,0,0,0,0,0,0,0,0,0,0
00064,People,0,0,0,0,0,0,0,0,0,0
00064,People,1,0,1,0,0,0,0,0,0,0
00064,People,2,0,0,0,0,0,0,0,0,0
00064,People,3,1,1,1,1,1,1,1,1,1
00064,People,4,1,1,1,1,1,1,1,1,1
00064,People,5,1,1,1,1,1,1,1,1,1
00064,Lamp,0,0,0,0,0,0,0,0,0,0
00071,People,0,0,1,0,1,0,0,0,0,0
00071,People,1,0,1,1,1,0,0,0,0,0
00071,Lamp,0,0,0,0,0,0,0,0,0,0
00073,People,0,0,1,0,0,0,0,0,0,0
00073,People,1,0,1,1,1,0,0,0,0,0
00073,Lamp,0,0,0,0,0,0,0,0,0,0
00078,People,0,0,0,0,0,0,0,0,0,0
00078,People,1,1,1,1,1,1,1,1,1,1
00078,People,2,1,1,1,1,1,1,1,1,1
00078,People,3,1,1,1,1,1,1,1,1,1
00078,People,4,0,1,0,1,0,0,0,0,0
00078,People,5,0,1,0,0,0,0,0,0,0
00078,Lamp,0,0,0,0,0,0,0,0,0,0
00111,People,0,1,1,1,1,1,1,1,1,1
00111,People,1,1,1,1,1,1,1,1,1,1
00111,People,2,1,1,1,1,1,1,1,1,1
00111,People,3,1,1,1,1,1,1,1,1,1
00111,People,4,1,1,1,1,1,1,0,0,0
00111,People,5,1,1,1,1,1,1,1,1,1
00111,People,6,1,1,1,1,1,1,1,1,1
00111,Lamp,0,1,1,1,1,1,1,1,1,1
00111,Lamp,1,1,1,1,1,1,1,1,1,1
00111,Lamp,2,0,0,0,1,1,0,0,0,0
00111,Lamp,3,0,0,1,0,1,1,1,1,1
00114,People,0,1,1,1,1,1,1,1,1,1
00114,People,1,1,1,1,1,1,1,1,1,1
00114,People,2,1,1,1,1,1,1,1,1,1
00114,People,3,1,1,1,1,1,1,1,1,1
00114,People,4,0,1,1,1,1,1,0,0,0
00114,People,5,1,1,1,1,1,1,0,0,1
00114,People,6,1,1,0,0,0,1,0,0,0
00114,Lamp,0,0,0,0,0,0,0,0,0,0
00114,Lamp,1,1,1,1,1,1,1,1,1,1
00114,Lamp,2,1,1,1,1,1,1,1,1,1
00116,People,0,0,1,1,1,1,1,1,1,1
00116,People,1,1,1,1,1,1,1,1,1,1
00116,People,2,1,1,1,1,1,1,1,1,1
00116,People,3,1,1,1,1,1,1,1,1,1
00116,People,4,1,1,1,1,1,1,1,1,1
00116,People,5,1,1,1,1,1,1,1,1,1
00116,People,6,1,1,1,1,1,1,1,1,1
00116,People,7,0,1,0,0,0,0,0,1,1
00116,Lamp,0,0,0,0,0,0,0,0,0,0
00116,Lamp,1,1,1,1,1,1,1,1,1,1
00116,Lamp,2,1,1,1,1,1,1,1,0,1
00116,Lamp,3,1,1,0,0,1,0,0,1,1
00118,People,0,1,1,1,1,1,1,1,1,1
00118,People,1,1,1,1,1,1,1,1,1,1
00118,People,2,1,1,1,1,1,1,1,0,0
00118,People,3,1,1,1,1,1,1,1,1,1
00118,People,4,1,1,1,1,1,1,1,1,1
00118,People,5,0,0,0,0,0,0,0,0,0
00118,People,6,1,1,1,1,1,1,1,0,1
00118,People,7,1,1,1,1,1,1,1,0,1
00118,Lamp,0,1,1,1,1,1,1,1,1,1
00118,Lamp,1,1,1,1,1,1,1,1,1,1
00118,Lamp,2,1,1,1,1,1,1,1,1,1
00118,Lamp,3,1,0,1,1,1,1,1,1,1
00123,People,0,1,1,1,1,1,1,1,1,1
00123,People,1,0,1,1,1,1,1,1,0,1
00123,People,2,0,1,0,1,0,0,0,0,0
00123,People,3,0,1,0,1,1,1,0,0,0
00123,People,4,1,1,1,1,1,1,1,1,1
00123,People,5,0,1,1,1,1,1,0,0,0
00123,People,6,1,1,1,1,1,1,1,0,1
00123,Lamp,0,1,1,1,1,1,1,1,1,1
00123,Lamp,1,1,1,1,1,1,1,1,0,1
00123,Lamp,2,1,1,1,0,0,0,0,0,0
00123,Lamp,3,1,1,1,0,0,0,0,0,1
00123,Lamp,4,1,0,1,1,1,1,1,1,1
00125,People,0,0,1,0,0,0,0,0,0,0
00125,People,1,1,1,1,1,1,1,1,1,1
00125,People,2,0,1,1,1,1,1,1,0,1
00125,People,3,1,1,1,1,1,1,1,1,1
00125,People,4,0,1,1,1,1,1,1,1,0
00125,People,5,0,1,1,1,1,1,1,1,1
00125,People,6,0,1,0,0,0,0,0,0,0
00125,People,7,0,0,0,0,0,0,0,0,0
00125,Lamp,0,1,1,1,1,1,1,1,1,1
00125,Lamp,1,1,1,1,1,1,1,1,1,1
00125,Lamp,2,1,1,1,1,1,1,1,1,1
00125,Lamp,3,1,1,1,0,1,1,1,1,1
00125,Lamp,4,1,1,1,1,1,1,1,1,1
00126,People,0,0,0,0,0,0,0,0,0,0
00126,People,1,0,1,0,1,1,0,0,0,1
00126,People,2,0,1,1,1,1,1,1,1,1
00126,People,3,0,1,1,1,1,1,0,0,0
00126,People,4,0,1,0,1,1,1,0,0,0
00126,People,5,1,1,1,1,1,1,1,1,1
00126,People,6,0,1,1,1,0,1,0,0,0
00126,People,7,1,1,1,1,1,1,1,1,1
00126,People,8,0,0,0,0,0,0,0,0,0
00126,Lamp,0,1,1,1,1,1,1,1,1,1
00126,Lamp,1,1,1,1,1,1,1,1,1,1
00126,Lamp,2,1,0,1,0,1,1,1,1,1
00126,Lamp,3,1,0,1,1,1,1,1,1,1
00126,Lamp,4,1,0,1,1,1,1,1,0,1
00127,People,0,0,1,0,1,0,1,0,0,0
00127,People,1,0,1,0,0,0,0,0,0,0
00127,People,2,0,1,1,1,0,1,1,0,1
00127,People,3,1,1,1,1,1,1,1,1,1
00127,People,4,0,1,0,1,0,0,0,0,0
00127,People,5,1,1,1,1,1,1,1,1,1
00127,People,6,0,1,1,1,0,0,1,0,0
00127,People,7,0,1,1,1,1,1,1,1,1
00127,People,8,0,0,0,0,0,1,0,1,0
00127,People,9,1,1,1,1,1,1,1,0,1
00127,Lamp,0,1,0,1,1,1,1,1,1,1
00127,Lamp,1,0,0,0,0,0,0,0,0,0
00127,Lamp,2,1,1,1,1,1,1,1,1,1
00127,Lamp,3,1,0,1,1,1,1,1,0,1
00127,Lamp,4,1,0,1,1,1,1,1,0,1
00129,People,0,0,1,0,1,0,0,0,0,0
00129,People,1,1,1,1,1,1,1,1,1,1
00129,People,2,1,1,1,1,1,1,1,1,1
00129,People,3,1,0,0,0,0,0,0,0,0
00129,People,4,0,1,0,0,0,0,0,0,0
00129,People,5,0,1,0,0,0,0,0,0,0
00129,People,6,0,0,0,0,0,0,0,0,0
00129,People,7,0,1,1,1,1,1,1,1,0
00129,Lamp,0,1,0,1,1,1,1,1,0,0
00129,Lamp,1,0,0,0,0,0,0,0,0,0
00129,Lamp,2,1,0,1,1,1,1,1,0,1
00129,Lamp,3,1,1,1,1,1,1,1,1,1
00129,Lamp,4,1,0,1,0,1,0,0,0,0
00130,People,0,0,1,0,1,0,0,0,0,0
00130,People,1,0,1,1,1,1,1,0,0,0
00130,People,2,0,1,0,1,0,0,0,0,0
00130,People,3,0,1,1,1,1,1,1,0,1
00130,People,4,1,1,0,1,0,0,0,0,0
00130,People,5,0,0,0,0,0,0,0,0,0
00130,Lamp,0,1,1,1,1,1,1,1,0,0
00130,Lamp,1,1,0,1,0,0,0,0,0,0
00130,Lamp,2,1,0,1,0,1,1,0,0,1
00130,Lamp,3,0,0,0,0,0,0,0,0,0
00132,People,0,0,1,0,1,0,0,0,0,0
00132,People,1,0,1,1,1,1,1,1,0,0
00132,People,2,0,0,0,0,0,0,0,0,0
00132,People,3,0,1,1,1,1,1,1,0,1
00132,People,4,1,1,1,1,1,1,0,0,1
00132,People,5,1,0,1,0,0,1,1,0,0
00132,Lamp,0,1,1,1,1,1,1,1,1,1
00132,Lamp,1,0,0,0,0,0,0,0,0,0
00132,Lamp,2,0,0,0,0,0,0,0,0,0
00132,Lamp,3,1,0,1,0,0,0,0,0,0
00135,People,0,0,0,0,0,0,0,0,0,0
00135,People,1,0,0,0,0,0,0,0,0,0
00135,People,2,0,1,0,1,0,1,0,0,0
00135,People,3,0,1,1,1,1,1,1,1,1
00135,People,4,0,0,0,0,0,0,0,0,0
00135,People,5,0,0,0,0,0,0,0,0,0
00135,People,6,0,0,0,0,0,0,0,0,0
00135,People,7,0,0,0,0,0,0,0,0,0
00135,People,8,0,1,1,1,1,1,1,0,1
00135,People,9,1,1,1,0,1,1,1,0,1
00135,People,10,0,0,0,1,0,0,0,0,0
00135,Lamp,0,0,0,0,0,0,0,0,0,0
00135,Lamp,1,1,1,1,0,1,1,1,1,1
00135,Lamp,2,0,0,0,0,0,0,0,0,0
00136,People,0,0,0,0,0,0,0,0,0,0
00136,People,1,0,0,0,0,0,0,0,0,0
00136,People,2,0,1,1,1,1,1,1,1,1
00136,People,3,0,0,0,0,0,0,0,0,0
00136,People,4,0,1,1,0,0,1,1,1,0
00136,People,5,0,1,1,1,1,1,1,1,1
00136,People,6,0,1,1,1,1,1,1,0,1
00136,People,7,1,1,0,0,0,0,0,0,0
00136,Lamp,0,1,1,1,1,1,1,1,1,1
00136,Lamp,1,0,0,0,0,0,0,0,0,0
00136,Lamp,2,0,0,0,0,0,0,0,1,1
00138,People,0,0,0,0,0,0,0,0,0,0
00138,People,1,0,0,0,0,0,0,0,0,0
00138,People,2,0,0,0,0,0,0,0,0,0
00138,People,3,0,0,0,0,0,0,0,0,0
00138,People,4,0,0,0,0,0,0,0,0,0
00138,People,5,0,1,0,0,0,0,0,0,0
00138,People,6,0,1,0,0,0,0,0,0,0
00138,People,7,0,1,0,0,0,0,0,0,0
00138,People,8,0,1,1,1,1,1,1,1,1
00138,People,9,0,1,1,1,1,0,0,0,1
00138,People,10,0,0,0,0,0,0,0,0,0
00138,Lamp,0,1,1,1,1,1,1,1,1,1
00138,Lamp,1,0,0,0,0,0,0,0,0,0
00138,Lamp,2,1,0,0,0,1,1,0,0,1
00143,People,0,0,0,0,0,0,0,0,0,0
00143,People,1,0,0,0,0,0,0,0,0,0
00143,People,2,1,1,1,1,1,1,1,1,1
00143,People,3,0,1,0,1,0,0,0,0,0
00143,People,4,0,1,1,1,1,0,0,0,0
00143,People,5,0,0,0,0,0,0,0,0,0
00143,People,6,0,0,0,0,0,0,0,0,0
00143,Lamp,0,0,1,0,0,0,0,0,0,0
00143,Lamp,1,0,0,0,0,0,0,0,0,0
00144,People,0,0,0,0,0,0,0,0,0,0
00144,People,1,0,1,1,1,1,1,1,1,1
00144,People,2,1,1,1,1,1,1,1,1,1
00144,People,3,0,1,0,1,0,0,0,0,0
00144,People,4,0,1,0,1,1,0,0,0,0
00144,People,5,0,0,0,0,0,0,0,0,0
00144,People,6,1,0,0,0,0,0,0,0,0
00144,Lamp,0,1,1,1,0,1,1,1,1,1
00144,Lamp,1,0,0,0,0,0,0,0,0,0
00147,People,0,1,1,1,1,1,1,1,1,1
00147,People,1,0,0,0,0,0,0,0,0,0
00147,People,2,0,1,1,1,1,1,1,1,1
00147,People,3,0,1,1,1,1,1,1,1,0
00147,People,4,0,1,0,0,0,0,0,0,0
00147,People,5,0,0,0,0,0,0,0,0,0
00147,People,6,0,1,1,1,1,1,1,0,0
00147,People,7,0,1,0,0,1,0,0,0,0
00147,People,8,0,1,0,1,0,0,1,0,0
00147,People,9,0,1,1,1,1,1,1,0,0
00147,People,10,0,0,0,0,0,0,0,0,0
00147,People,11,0,0,1,0,0,1,1,0,0
00147,Lamp,0,1,1,1,1,0,0,0,0,0
00186,People,0,0,1,1,1,0,0,0,0,0
00186,People,1,1,1,1,1,1,1,1,0,0
00186,People,2,0,1,0,0,0,0,0,0,0
00186,People,3,0,1,0,0,1,0,0,0,0
00186,People,4,0,1,0,0,0,0,0,0,0
00186,People,5,0,1,1,1,1,1,1,1,1
00186,Lamp,0,1,0,1,1,1,1,1,1,1
00187,People,0,0,1,0,1,0,0,0,0,0
00187,People,1,1,1,1,1,1,1,1,0,0
00187,People,2,0,0,0,1,0,0,0,0,0
00187,People,3,0,1,1,1,1,1,0,1,0
00187,People,4,0,1,0,1,1,0,0,0,0
00187,People,5,0,1,1,1,1,1,1,0,0
00187,Lamp,0,1,1,1,1,1,1,1,1,1
00188,People,0,0,1,1,1,1,1,1,1,0
00188,People,1,0,1,1,1,1,1,1,1,0
00188,People,2,0,0,1,0,1,0,0,1,0
00188,People,3,0,1,1,1,1,1,0,0,0
00188,People,4,0,0,0,0,0,0,0,0,0
00188,People,5,0,0,0,0,0,0,0,0,0
00188,Lamp,0,1,1,1,1,1,1,1,1,1
00191,People,0,0,1,1,1,1,1,1,1,1
00191,People,1,0,1,1,1,1,1,1,1,1
00191,People,2,1,1,1,1,1,1,1,1,1
00191,People,3,1,1,1,1,1,1,1,1,1
00191,People,4,0,1,1,1,1,1,1,1,1
00191,People,5,0,1,1,1,1,1,1,1,1
00191,Lamp,0,1,1,1,1,1,1,1,1,1
00193,People,0,1,1,1,1,1,1,1,1,1
00193,People,1,1,1,1,1,1,1,1,1,1
00193,People,2,0,1,1,1,1,1,1,1,0
00193,People,3,1,1,1,1,1,1,1,0,0
00193,People,4,1,1,1,1,1,1,1,1,1
00193,People,5,0,1,1,1,1,1,1,1,1
00193,Lamp,0,1,1,1,1,1,1,1,1,1
00196,People,0,1,1,1,1,1,1,1,1,1
00196,People,1,1,1,1,1,1,1,0,0,1
00196,People,2,1,1,1,1,1,1,1,1,1
00196,People,3,1,1,1,1,1,1,1,1,1
00196,People,4,0,1,1,1,1,1,1,1,1
00196,People,5,0,0,0,0,0,0,0,0,0
00196,People,6,1,1,1,1,1,1,1,1,1
00196,People,7,1,1,1,1,1,1,1,1,1
00196,People,8,0,1,1,1,1,1,1,1,1
00196,Lamp,0,1,1,1,1,1,1,1,1,1
00196,Lamp,1,1,1,1,1,1,1,1,1,1
00196,Lamp,2,0,0,0,0,0,0,0,0,0
00199,People,0,1,1,1,1,1,1,1,1,1
00199,People,1,1,1,1,1,1,1,1,1,1
00199,People,2,1,1,1,1,1,1,1,1,1
00199,People,3,1,1,1,1,1,1,1,1,1
00199,People,4,1,1,1,1,1,1,1,1,0
00199,People,5,1,1,1,1,1,1,1,1,1
00199,People,6,1,1,1,1,1,1,1,1,1
00199,Lamp,0,1,1,1,1,1,1,1,1,1
00199,Lamp,1,1,0,1,0,0,1,1,0,0
00204,People,0,1,1,1,1,1,1,1,1,1
00204,People,1,1,1,1,1,1,1,1,1,1
00204,People,2,1,1,1,1,1,1,1,1,1
00204,People,3,1,1,1,1,1,1,1,1,1
00204,People,4,1,1,1,1,1,1,1,1,1
00204,People,5,1,1,1,1,1,1,1,1,1
00204,People,6,1,1,1,1,1,1,1,1,1
00204,People,7,0,1,1,1,1,1,1,1,1
00204,Lamp,0,1,0,1,1,1,1,1,1,1
00204,Lamp,1,1,1,1,1,1,1,1,1,1
00204,Lamp,2,1,0,1,1,0,1,1,0,0
00205,People,0,0,0,0,0,0,0,0,0,0
00205,People,1,1,1,1,1,1,1,1,1,1
00205,People,2,1,1,1,1,1,1,1,1,1
00205,People,3,0,1,1,1,1,1,1,1,1
00205,People,4,1,1,1,1,1,1,1,1,1
00205,People,5,0,1,1,1,1,1,0,1,1
00205,People,6,0,1,1,1,1,1,1,1,1
00205,People,7,0,0,0,0,0,0,0,0,0
00205,People,8,1,0,1,1,1,1,1,1,1
00205,Lamp,0,1,1,1,1,1,1,1,1,1
00205,Lamp,1,1,1,1,1,1,1,1,1,1
00205,Lamp,2,0,0,0,0,0,0,0,0,0
00206,People,0,1,1,1,1,1,1,1,1,1
00206,People,1,1,1,1,1,1,1,1,1,1
00206,People,2,1,1,1,1,1,1,1,1,1
00206,People,3,0,1,1,1,1,1,1,1,1
00206,People,4,0,0,0,0,0,0,1,0,0
00206,People,5,0,1,0,1,1,0,0,0,0
00206,People,6,1,0,1,0,0,0,0,0,0
00206,People,7,0,0,0,0,0,0,0,0,0
00206,Lamp,0,1,1,1,1,1,1,1,1,1
00209,People,0,0,1,1,1,1,1,1,1,1
00209,Lamp,0,1,1,1,1,1,1,1,1,1
00210,People,0,1,1,1,1,0,0,0,1,1
00210,People,1,1,1,1,1,1,1,1,1,1
00210,People,2,0,0,0,0,0,0,0,0,0
00210,Lamp,0,1,1,1,1,1,1,1,1,1
00213,People,0,1,1,1,1,1,1,1,0,1
00213,People,1,1,1,1,1,0,1,1,1,1
00213,People,2,1,1,1,1,1,1,1,1,1
00213,People,3,0,1,0,0,0,0,1,0,0
00213,People,4,0,1,0,0,0,0,0,0,0
00213,People,5,0,0,0,0,0,0,0,0,0
00213,People,6,0,0,0,0,0,0,0,0,0
00213,People,7,0,0,0,0,0,0,0,0,0
00213,Lamp,0,1,1,1,1,1,1,1,1,1
00213,Lamp,1,1,1,1,1,1,1,1,1,1
00213,Lamp,2,0,0,0,0,0,0,0,0,0
00217,People,0,0,0,0,0,0,0,0,0,0
00217,People,1,0,0,0,0,0,0,0,0,0
00217,Lamp,0,0,0,0,0,1,0,0,0,0
00222,People,0,1,1,1,1,1,1,1,1,1
00222,People,1,0,1,1,1,0,1,0,0,1
00222,People,2,0,0,0,0,0,0,0,0,0
00222,People,3,0,1,1,1,1,1,1,1,1
00222,People,4,0,1,1,1,1,1,1,1,1
00222,People,5,0,1,1,1,1,1,1,1,1
00222,People,6,0,1,1,1,1,1,1,1,1
00222,People,7,0,0,0,0,0,0,0,1,0
00222,People,8,0,1,1,1,1,1,1,1,0
00222,Lamp,0,0,0,0,0,0,0,0,0,0
00222,Lamp,1,0,0,0,0,0,0,0,0,0
00222,Lamp,2,1,0,1,1,1,1,1,1,1
00222,Lamp,3,1,1,1,1,1,1,1,1,1
00222,Lamp,4,1,0,1,0,0,0,1,0,0
00222,Lamp,5,1,0,1,1,1,1,1,1,1
00222,Lamp,6,1,0,0,0,0,0,1,0,0
00231,People,0,0,0,0,0,0,0,0,0,0
00231,People,1,0,1,1,1,1,1,1,1,1
00231,People,2,0,1,1,1,0,1,0,1,1
00231,People,3,0,1,1,1,1,1,1,1,1
00231,People,4,0,1,1,1,1,1,1,1,1
00231,People,5,0,1,1,1,1,1,0,0,0
00231,People,6,1,1,1,1,1,1,1,1,1
00231,People,7,1,1,1,1,1,1,1,1,1
00231,People,8,0,0,0,0,0,0,0,1,1
00231,People,9,0,1,1,1,1,1,1,1,1
00231,People,10,0,0,0,0,0,0,0,0,0
00231,People,11,0,0,0,0,0,0,0,0,0
00231,Lamp,0,0,0,0,1,0,1,0,1,1
00231,Lamp,1,0,0,0,0,1,1,0,0,0
00231,Lamp,2,1,1,1,1,1,1,1,0,0
00231,Lamp,3,1,0,1,0,0,1,0,1,1
00231,Lamp,4,1,0,1,1,1,1,1,1,1
00232,People,0,0,0,0,0,0,0,0,0,0
00232,People,1,0,0,0,0,0,0,0,0,0
00232,People,2,0,1,0,0,0,0,0,0,0
00232,People,3,0,1,0,0,0,0,0,0,0
00232,People,4,0,0,0,1,0,0,0,0,0
00232,People,5,0,1,1,1,1,1,1,1,1
00232,People,6,1,1,1,1,1,1,1,0,1
00232,People,7,0,1,1,0,0,1,0,1,1
00232,People,8,0,1,1,1,1,1,1,1,1
00232,People,9,0,0,0,0,0,0,0,0,0
00232,People,10,0,1,0,1,0,0,0,0,0
00232,People,11,0,0,0,0,0,0,0,0,0
00232,Lamp,0,1,0,1,1,0,1,1,1,1
00232,Lamp,1,0,0,0,0,0,0,0,0,0
00232,Lamp,2,1,1,1,1,1,1,1,0,1
00232,Lamp,3,1,0,1,1,1,1,1,1,0
00232,Lamp,4,0,0,0,0,0,0,0,0,0
00232,Lamp,5,0,0,0,0,0,0,0,0,0
00240,People,0,0,1,1,1,0,1,1,0,0
00240,People,1,0,0,0,0,0,0,0,0,0
00240,People,2,1,1,1,1,1,1,1,1,1
00240,People,3,1,1,1,1,1,1,1,1,1
00240,People,4,1,1,1,1,1,1,1,1,1
00240,People,5,0,1,1,1,1,1,1,0,0
00240,People,6,0,0,0,0,0,0,0,0,0
00240,Lamp,0,0,0,0,0,0,0,0,0,0
00240,Lamp,1,0,0,0,0,0,0,0,0,0
00240,Lamp,2,0,0,0,0,0,1,0,0,0
00240,Lamp,3,0,1,0,0,0,0,0,0,0
00240,Lamp,4,0,0,0,0,0,0,0,0,0
00388,People,0,1,1,1,1,0,1,1,1,1
00388,People,1,0,1,1,1,1,1,1,1,1
00388,People,2,0,1,0,0,0,0,0,1,1
00388,People,3,0,1,1,1,1,1,1,1,1
00388,People,4,0,1,1,1,1,1,1,1,1
00388,People,5,0,1,1,1,1,1,1,1,1
00388,People,6,0,1,1,1,1,1,1,1,1
00388,People,7,0,1,1,1,1,1,1,1,1
00388,People,8,0,1,1,1,1,1,1,1,1
00388,People,9,0,1,1,1,1,1,1,1,1
00388,Lamp,0,1,1,0,1,0,0,0,1,1
00389,People,0,1,1,1,1,1,1,1,1,1
00389,People,1,1,1,1,1,1,1,1,1,1
00389,People,2,1,1,0,0,0,0,0,0,0
00389,People,3,1,1,1,1,1,1,1,1,1
00389,People,4,0,1,1,1,1,1,1,1,1
00389,People,5,0,1,1,1,1,1,1,1,1
00389,People,6,0,1,1,1,1,1,1,1,1
00389,People,7,0,1,1,1,1,1,1,1,1
00389,People,8,0,1,1,1,1,1,1,1,1
00389,People,9,0,1,1,1,1,1,1,1,1
00389,Lamp,0,0,0,0,0,0,1,0,0,0
00389,Lamp,1,1,1,1,1,1,1,1,1,1
00392,People,0,1,1,1,1,1,1,1,1,1
00392,People,1,0,1,1,1,0,1,1,0,1
00392,People,2,0,1,0,0,0,0,0,0,0
00392,People,3,0,1,1,1,0,1,0,1,1
00392,Lamp,0,1,1,1,1,1,1,1,1,1
00392,Lamp,1,1,1,1,1,1,1,1,1,1
00394,People,0,0,1,1,1,1,1,1,1,1
00394,People,1,1,1,1,1,1,1,1,1,1
00394,People,2,1,1,1,1,1,1,1,1,1
00394,People,3,0,1,1,1,1,1,1,1,1
00394,People,4,1,1,1,1,1,1,1,1,1
00394,People,5,0,1,1,1,0,1,1,0,1
00394,Lamp,0,1,1,1,1,1,1,1,1,1
00394,Lamp,1,1,1,1,1,1,1,1,1,1
00395,People,0,0,0,0,0,0,0,0,0,0
00395,People,1,0,0,0,0,0,0,0,0,0
00395,People,2,1,1,1,1,1,1,1,1,1
00395,People,3,1,1,1,1,1,1,1,1,1
00395,People,4,1,1,1,1,0,1,1,1,1
00395,People,5,1,1,1,1,0,1,1,1,1
00395,People,6,0,1,1,1,1,1,1,1,1
00395,Lamp,0,1,1,1,1,1,1,1,1,1
00395,Lamp,1,1,1,1,1,1,1,1,0,1
00396,People,0,0,0,0,0,0,0,0,0,0
00396,People,1,0,1,0,0,0,0,0,0,0
00396,People,2,1,1,1,1,0,1,1,1,1
00396,People,3,0,0,1,1,0,1,1,0,1
00396,People,4,1,1,1,1,0,1,1,1,1
00396,People,5,0,1,1,1,1,1,1,1,1
00396,Lamp,0,1,1,1,1,1,1,1,1,1
00396,Lamp,1,1,1,1,1,1,1,1,1,1
00409,People,0,1,1,1,1,1,1,1,1,1
00409,People,1,1,1,1,1,1,1,1,1,1
00409,People,2,0,0,0,0,0,0,0,0,0
00409,People,3,0,1,0,1,0,0,0,1,1
00409,People,4,0,1,0,1,0,1,0,0,1
00409,Lamp,0,1,1,1,1,0,1,1,0,0
00410,People,0,1,1,1,1,1,1,1,1,1
00410,People,1,0,0,0,0,0,0,0,0,0
00410,People,2,0,0,0,0,0,0,0,0,0
00410,People,3,0,1,0,1,0,1,0,0,1
00410,People,4,0,0,0,0,0,0,0,0,0
00410,People,5,1,1,1,1,1,1,1,1,1
00410,Lamp,0,1,0,1,1,1,1,1,1,1
00413,People,0,1,1,1,1,1,1,1,1,1
00413,People,1,1,1,1,1,1,1,1,1,1
00413,People,2,1,1,1,1,1,1,1,1,1
00413,People,3,0,0,0,0,0,0,0,0,0
00413,People,4,0,1,0,1,0,0,0,0,0
00413,People,5,0,1,0,0,0,0,0,0,0
00413,Lamp,0,1,0,0,0,0,0,0,0,0
00419,People,0,0,0,0,0,0,0,0,0,0
00419,People,1,0,0,0,0,0,0,0,0,0
00419,Lamp,0,1,1,1,0,1,1,1,0,0
00419,Lamp,1,1,1,1,1,1,1,1,1,1
00422,People,0,1,1,1,1,1,1,1,1,1
00422,People,1,1,1,1,1,1,1,1,1,1
00422,People,2,1,1,1,1,1,1,1,1,1
00422,People,3,1,1,1,1,1,1,1,1,1
00422,People,4,0,1,1,1,1,1,1,1,1
00422,Lamp,0,0,0,0,0,0,0,0,0,0
00425,People,0,0,0,0,0,0,0,0,0,0
00425,People,1,1,1,1,1,1,1,1,1,1
00425,People,2,1,1,1,1,1,1,1,1,1
00425,People,3,1,1,1,1,1,1,1,1,1
00425,People,4,1,1,0,1,0,0,0,0,0
00425,People,5,1,1,1,1,1,1,1,1,1
00425,People,6,1,1,1,1,1,1,1,1,1
00425,People,7,0,1,0,0,0,0,0,0,0
00425,Lamp,0,1,0,0,0,0,0,0,0,0
00427,People,0,0,0,0,0,0,0,0,0,0
00427,People,1,0,0,0,0,0,0,0,0,0
00427,People,2,0,0,0,0,0,0,0,0,0
00427,People,3,1,1,1,1,1,1,1,1,1
00427,People,4,1,1,1,1,1,1,1,1,1
00427,People,5,1,1,0,1,0,0,0,1,1
00427,People,6,1,1,1,1,1,1,1,1,1
00427,People,7,1,1,1,1,1,1,1,1,1
00427,Lamp,0,0,0,0,0,0,0,0,0,0
00428,People,0,0,1,0,0,0,0,0,0,0
00428,People,1,0,0,0,0,0,0,0,0,0
00428,People,2,1,1,1,1,1,1,1,1,1
00428,People,3,1,1,1,1,1,1,1,1,1
00428,People,4,1,1,1,1,0,1,1,0,1
00428,People,5,1,1,1,1,1,1,1,1,1
00428,People,6,1,1,1,1,1,1,1,1,1
00428,Lamp,0,0,0,0,0,0,0,0,0,0
00438,People,0,1,1,1,1,1,1,1,1,1
00438,People,1,1,1,1,1,1,1,1,1,1
00438,People,2,0,1,0,0,0,0,0,0,0
00438,People,3,0,0,0,0,0,0,0,0,0
00438,People,4,0,0,0,0,0,0,0,0,0
00438,Lamp,0,1,1,1,1,1,1,1,1,1
00438,Lamp,1,1,1,1,0,0,1,1,0,0
00438,Lamp,2,0,1,1,1,1,1,1,0,1
00438,Lamp,3,1,1,1,1,1,1,1,1,1
00440,People,0,1,1,1,1,1,1,1,1,1
00440,People,1,1,1,1,1,1,1,1,1,1
00440,People,2,0,1,0,1,0,0,0,0,0
00440,People,3,0,0,0,0,0,0,0,0,0
00440,People,4,0,0,1,0,0,0,0,0,0
00440,People,5,0,0,0,0,0,0,0,0,0
00440,People,6,0,0,0,0,0,0,0,0,0
00440,Lamp,0,1,1,1,1,1,1,1,1,1
00440,Lamp,1,1,1,1,1,1,1,1,1,1
00440,Lamp,2,1,1,1,1,1,1,1,1,0
00440,Lamp,3,1,1,1,1,1,1,1,1,1
00442,People,0,1,1,1,1,1,1,1,1,1
00442,People,1,1,1,1,1,1,1,1,1,1
00442,People,2,0,0,0,0,0,0,0,0,0
00442,People,3,0,0,0,0,0,0,0,0,0
00442,People,4,0,1,0,0,0,0,0,0,0
00442,People,5,0,1,1,1,1,1,1,1,1
00442,People,6,0,1,1,1,1,1,1,1,1
00442,People,7,0,1,1,1,1,1,1,1,1
00442,Lamp,0,1,1,1,1,1,1,1,1,1
00442,Lamp,1,1,1,1,1,1,1,1,1,1
00442,Lamp,2,1,1,1,1,1,1,1,1,1
00442,Lamp,3,1,1,1,1,1,1,1,1,1
00444,People,0,1,1,1,1,1,1,1,1,1
00444,People,1,1,1,1,1,1,1,1,1,1
00444,People,2,0,0,0,0,0,0,0,0,0
00444,People,3,0,1,0,0,0,0,0,0,0
00444,People,4,0,1,0,0,0,0,0,0,0
00444,People,5,0,0,0,0,0,0,0,0,0
00444,Lamp,0,1,1,1,1,1,1,1,1,1
00444,Lamp,1,1,1,1,1,1,1,1,1,1
00444,Lamp,2,1,1,1,1,1,1,1,1,1
00444,Lamp,3,0,0,0,0,0,0,0,0,0
00448,People,0,1,1,1,1,1,1,1,1,1
00448,People,1,0,1,1,1,1,1,1,1,1
00448,People,2,1,1,1,1,1,1,1,1,1
00448,People,3,0,0,0,0,0,0,0,0,0
00448,People,4,0,0,0,0,0,0,0,0,0
00448,People,5,0,1,0,0,0,0,0,0,0
00448,People,6,0,0,0,0,0,0,0,0,0
00448,Lamp,0,1,1,1,1,1,1,1,1,1
00448,Lamp,1,1,1,1,1,1,1,1,1,1
00448,Lamp,2,1,1,1,1,0,1,1,0,0
00448,Lamp,3,0,0,1,1,0,0,0,0,0
00448,Lamp,4,1,0,0,1,0,0,0,1,0
00448,Lamp,5,0,0,0,0,0,0,0,0,0
00449,People,0,1,1,1,1,1,1,1,1,1
00449,People,1,1,1,1,1,1,1,1,1,1
00449,People,2,1,1,1,1,1,1,1,1,1
00449,People,3,0,0,0,0,0,0,0,0,1
00449,People,4,0,1,0,0,0,0,0,0,0
00449,People,5,0,0,0,1,0,0,0,0,0
00449,Lamp,0,1,1,0,0,0,0,0,0,0
00449,Lamp,1,1,1,1,1,1,1,1,1,1
00449,Lamp,2,1,1,1,1,1,1,1,1,1
00449,Lamp,3,1,0,0,0,0,0,0,0,0
00449,Lamp,4,1,1,1,1,1,1,1,1,1
00452,People,0,1,1,1,1,1,1,1,1,1
00452,People,1,0,1,1,1,1,1,1,1,1
00452,Lamp,0,1,1,1,1,1,1,1,1,1
00452,Lamp,1,0,0,0,0,0,0,0,1,0
00452,Lamp,2,1,1,1,1,1,1,0,0,1
00453,People,0,0,1,1,1,1,1,1,1,1
00453,Lamp,0,0,1,1,1,1,1,1,1,1
00453,Lamp,1,0,1,1,1,0,1,0,0,1
00453,Lamp,2,1,0,1,0,0,0,1,1,1
00453,Lamp,3,0,0,1,1,1,1,1,1,1
00459,People,0,0,1,1,0,0,0,0,0,1
00459,People,1,0,0,0,0,0,0,0,0,0
00459,People,2,1,1,1,1,1,1,1,1,1
00459,People,3,1,1,1,1,1,1,1,1,1
00459,People,4,1,1,1,1,1,1,1,1,1
00459,People,5,1,1,1,1,1,1,1,1,1
00459,Lamp,0,0,0,1,0,0,0,0,0,0
00459,Lamp,1,1,0,0,0,0,0,0,0,0
00459,Lamp,2,0,0,1,1,0,0,0,0,0
00462,People,0,1,1,1,1,1,1,1,1,1
00462,People,1,0,1,1,1,1,1,1,1,1
00462,People,2,1,1,1,1,1,1,1,1,1
00462,People,3,0,1,1,1,1,1,1,1,1
00462,People,4,0,1,1,1,1,1,1,1,1
00462,People,5,0,1,1,1,1,1,1,1,1
00462,People,6,0,1,1,1,1,1,1,1,1
00462,Lamp,0,1,1,1,1,1,1,1,1,1
00462,Lamp,1,0,0,0,0,0,0,0,0,0
00466,People,0,1,1,1,1,1,1,1,1,1
00466,People,1,0,1,1,1,1,1,1,1,1
00466,People,2,1,1,1,1,1,1,1,1,1
00466,People,3,1,1,1,1,1,1,1,1,1
00466,People,4,0,1,1,1,1,1,1,1,1
00466,People,5,1,1,1,1,1,1,1,1,1
00466,Lamp,0,1,0,1,1,1,1,1,1,1
00466,Lamp,1,0,0,0,0,0,0,0,0,0
00468,People,0,0,1,1,1,1,1,1,1,1
00468,People,1,1,1,1,1,1,1,1,1,1
00468,People,2,1,1,1,1,1,1,1,1,1
00468,People,3,0,1,1,1,1,1,0,1,1
00468,People,4,0,1,1,1,0,1,0,0,1
00468,People,5,0,1,1,1,1,1,1,1,1
00468,People,6,0,1,1,1,1,1,1,1,1
00468,Lamp,0,1,0,1,1,0,1,1,1,0
00468,Lamp,1,0,0,0,0,0,0,0,0,0
00470,People,0,0,1,1,1,1,1,1,1,1
00470,People,1,0,0,0,0,0,0,0,0,0
00470,Lamp,0,1,0,1,1,1,1,1,1,0
00476,People,0,0,1,0,0,0,0,0,0,0
00476,People,1,0,1,1,1,1,1,1,1,1
00476,Lamp,0,0,0,1,1,1,1,1,1,0
00478,People,0,1,1,0,0,0,0,0,0,0
00478,Lamp,0,1,0,0,0,0,0,0,0,0
00479,People,0,1,1,1,1,1,1,1,1,1
00479,Lamp,0,1,0,1,0,0,0,0,1,1
00480,People,0,1,1,1,1,0,1,1,1,1
00480,People,1,0,0,0,0,0,0,0,0,0
00480,People,2,0,1,1,0,0,0,0,1,0
00480,Lamp,0,1,0,0,0,0,0,0,0,0
00486,People,0,0,1,1,1,1,1,1,1,1
00486,People,1,0,1,0,0,0,0,0,0,0
00486,People,2,0,1,1,0,0,0,0,0,0
00486,People,3,0,1,0,0,0,0,0,0,0
00486,People,4,1,1,1,1,1,1,1,1,1
00486,People,5,1,1,1,1,1,1,1,1,1
00486,People,6,0,0,0,0,0,0,0,0,0
00486,Lamp,0,0,0,0,0,0,0,0,0,0
00489,People,0,0,1,1,1,1,1,1,1,1
00489,People,1,0,0,0,0,0,0,0,1,0
00489,People,2,0,1,1,1,1,1,1,1,1
00489,People,3,0,1,1,1,1,1,1,1,1
00489,People,4,0,0,0,0,0,0,0,0,0
00489,People,5,0,1,0,0,0,0,0,0,0
00489,People,6,0,0,0,0,0,0,0,0,0
00489,People,7,0,1,1,0,0,0,0,0,0
00489,People,8,0,0,0,0,0,0,0,0,0
00489,People,9,0,0,0,0,0,0,0,0,0
00489,Lamp,0,0,0,1,1,1,1,1,0,1
00489,Lamp,1,0,0,0,0,0,0,0,0,0
00493,People,0,0,0,0,0,0,0,0,0,0
00493,People,1,1,1,1,1,1,1,1,1,1
00493,People,2,1,1,1,1,1,1,1,1,1
00493,People,3,0,1,1,1,1,1,1,1,1
00493,People,4,1,1,1,1,1,1,1,1,1
00493,People,5,1,1,1,1,1,1,1,0,1
00493,People,6,1,1,1,1,1,1,1,1,1
00493,People,7,0,0,0,0,0,0,0,0,0
00493,Lamp,0,0,0,0,0,0,0,0,0,0
00494,People,0,0,1,1,1,1,1,1,1,1
00494,People,1,0,0,0,0,0,0,0,0,0
00494,People,2,0,0,0,0,0,0,0,0,0
00494,People,3,0,0,0,0,0,0,0,0,0
00494,People,4,0,0,0,0,0,0,0,0,0
00494,Lamp,0,1,1,1,1,1,1,1,1,1
00494,Lamp,1,1,0,1,1,0,1,0,0,0
00494,Lamp,2,1,1,1,1,1,1,1,1,1
00503,People,0,0,0,0,0,0,0,0,0,0
00503,People,1,0,0,0,0,0,0,0,0,0
00503,Lamp,0,1,1,1,1,1,1,1,1,1
00503,Lamp,1,1,1,1,1,1,1,1,1,1
00505,People,0,0,1,0,0,0,0,0,0,0
00505,People,1,0,1,0,0,0,0,0,0,0
00505,People,2,0,0,0,0,0,0,0,0,0
00505,People,3,0,0,0,0,0,0,0,0,0
00505,People,4,1,1,1,1,0,1,1,0,1
00505,Lamp,0,1,0,1,1,1,1,1,1,1
00507,People,0,0,1,1,1,1,1,1,1,1
00507,People,1,0,0,0,0,0,0,0,0,0
00507,People,2,0,0,0,0,0,0,0,0,0
00507,People,3,0,0,0,0,0,0,0,0,0
00507,People,4,0,0,0,0,0,0,0,0,0
00507,People,5,1,1,1,1,1,1,1,1,1
00507,People,6,1,1,1,1,1,1,1,1,1
00507,Lamp,0,1,0,1,1,1,1,1,0,0
01190,People,0,0,0,0,0,0,0,0,0,0
01190,People,1,0,0,0,0,0,0,0,0,0
01190,People,2,0,0,0,0,0,0,0,0,0
01190,People,3,0,0,0,0,0,0,0,0,0
01190,People,4,0,0,0,0,0,0,0,0,0
01190,People,5,0,0,0,0,0,0,0,0,0
01190,People,6,1,1,1,0,1,1,0,0,0
01190,People,7,0,1,0,0,0,0,0,0,0
01190,Lamp,0,0,1,1,1,1,0,0,0,0
01196,People,0,0,1,1,1,1,1,1,0,0
01196,People,1,0,0,0,0,0,0,0,0,0
01196,Lamp,0,0,1,1,1,0,0,0,0,0
01199,People,0,0,0,0,0,0,0,0,0,0
01199,People,1,0,1,0,0,0,0,0,0,0
01199,People,2,0,0,0,0,0,0,0,0,0
01199,Lamp,0,1,0,1,1,1,1,1,0,1
01200,People,0,0,0,0,0,0,0,0,0,0
01200,People,1,1,1,1,1,1,1,1,1,1
01200,Lamp,0,0,1,1,1,1,1,1,0,0
01204,People,0,1,1,1,1,1,1,1,1,1
01204,People,1,1,1,1,1,1,1,1,1,1
01204,People,2,0,1,0,0,0,0,0,0,0
01204,People,3,0,1,0,0,0,0,0,0,0
01204,Lamp,0,0,1,1,1,1,0,0,0,0
01206,People,0,1,1,1,1,1,1,1,1,1
01206,People,1,1,1,1,1,1,1,1,1,1
01206,People,2,0,1,0,0,0,0,0,0,0
01206,Lamp,0,0,0,0,0,0,0,0,0,0
01207,People,0,1,1,1,1,1,1,1,1,1
01207,People,1,1,1,1,1,1,1,1,1,1
01207,People,2,0,0,0,0,0,0,0,0,0
01207,Lamp,0,0,0,0,0,0,0,0,0,0
01211,People,0,1,1,1,1,1,1,1,1,1
01211,People,1,1,1,1,1,1,1,1,1,1
01211,People,2,0,0,0,1,0,0,0,0,0
01211,People,3,0,1,0,0,0,0,0,0,0
01211,Lamp,0,0,1,0,0,0,0,0,0,0
01213,People,0,1,1,1,1,1,1,1,1,1
01213,People,1,1,1,1,1,1,1,1,1,1
01213,Lamp,0,0,0,1,1,0,0,0,0,0
01216,People,0,0,1,1,1,1,1,1,1,1
01216,People,1,1,1,1,1,1,1,1,1,1
01216,Lamp,0,0,0,0,0,0,0,0,0,0
01218,People,0,0,1,1,1,1,1,1,1,1
01218,People,1,1,1,1,1,1,1,1,1,1
01218,Lamp,0,0,0,0,0,0,1,0,0,0
01219,People,0,1,0,1,1,1,1,1,0,1
01219,People,1,0,0,0,0,0,0,0,0,0
01219,People,2,0,1,0,0,0,0,0,0,0
01219,People,3,0,1,0,0,0,0,0,0,0
01219,Lamp,0,1,1,1,1,1,1,1,1,1
01219,Lamp,1,1,1,1,1,1,1,1,1,0
01221,People,0,0,1,1,1,1,1,1,0,1
01221,People,1,0,1,1,1,0,1,1,0,0
01221,People,2,0,1,0,0,0,0,0,0,0
01221,Lamp,0,0,0,0,0,0,0,0,0,0
01222,People,0,0,1,1,1,1,1,1,0,0
01222,People,1,0,1,0,1,0,0,1,0,0
01222,People,2,0,1,0,1,0,0,0,0,0
01222,Lamp,0,0,0,0,0,0,0,0,0,0
01225,People,0,0,0,0,0,0,0,0,0,0
01225,People,1,0,0,0,0,0,0,0,0,0
01225,People,2,0,0,0,0,0,0,0,0,0
01225,People,3,0,1,0,0,0,0,0,0,0
01225,People,4,0,1,0,0,0,0,0,0,0
01225,People,5,0,0,0,0,0,0,0,0,0
01225,People,6,0,0,0,0,0,0,0,0,0
01225,Lamp,0,1,0,1,1,1,1,1,1,1
01225,Lamp,1,1,1,1,0,0,1,0,1,0
01226,People,0,0,0,0,0,0,0,0,0,0
01226,People,1,0,0,0,0,0,0,0,0,1
01226,People,2,0,0,0,0,0,0,0,0,0
01226,People,3,0,0,0,0,0,0,0,0,0
01226,People,4,0,0,0,1,0,0,0,0,0
01226,Lamp,0,0,1,0,0,0,0,0,0,0
01226,Lamp,1,1,0,1,0,0,0,0,0,0
01226,Lamp,2,0,0,0,0,0,0,0,0,0
01228,People,0,0,1,0,0,0,0,0,0,0
01228,Lamp,0,0,0,1,1,1,1,0,0,0
01266,People,0,0,1,0,0,0,0,0,1,0
01266,People,1,0,1,0,0,0,0,0,0,0
01266,Lamp,0,1,0,1,1,1,1,1,1,1
01266,Lamp,1,1,0,1,1,1,1,1,0,1
01268,People,0,0,1,1,1,1,1,1,1,1
01268,Lamp,0,1,1,1,1,1,1,1,1,1
01268,Lamp,1,0,0,0,0,0,0,0,0,0
01268,Lamp,2,1,0,0,0,0,0,0,0,0
01268,Lamp,3,0,0,0,0,0,0,0,0,0
01273,People,0,0,1,0,1,0,0,0,1,0
01273,Lamp,0,0,0,0,0,0,0,0,0,0
01273,Lamp,1,1,1,0,0,0,0,0,0,1
01274,People,0,0,1,0,0,0,0,0,0,0
01274,Lamp,0,0,0,0,1,0,0,0,0,0
01274,Lamp,1,1,1,1,1,1,1,1,1,1
01274,Lamp,2,0,0,0,0,0,0,0,0,0
01285,People,0,0,1,1,1,1,1,1,1,1
01285,Lamp,0,0,0,0,0,1,1,1,0,0
01285,Lamp,1,1,0,1,1,1,1,1,0,1
01285,Lamp,2,0,0,1,1,1,1,1,0,0
01291,People,0,0,0,0,0,0,0,0,0,0
01291,Lamp,0,0,0,0,0,0,0,1,0,0
01291,Lamp,1,1,0,1,1,1,1,1,0,1
01295,People,0,0,1,1,1,1,1,1,0,1
01295,People,1,0,0,0,0,0,0,0,0,1
01295,People,2,0,0,0,0,0,0,0,0,0
01295,Lamp,0,1,1,1,1,1,1,1,1,1
01299,People,0,0,1,1,1,1,1,1,1,1
01299,People,1,0,0,0,0,0,0,0,0,0
01299,People,2,0,0,0,0,0,0,0,0,0
01299,Lamp,0,1,0,0,0,0,0,0,0,0
02046,People,0,1,1,1,1,1,1,1,1,1
02046,People,1,1,1,1,1,1,1,1,1,1
02046,Lamp,0,1,1,1,1,1,1,1,0,1
02046,Lamp,1,1,1,0,1,1,1,0,1,1
02046,Lamp,2,1,0,1,1,1,1,1,0,1
02046,Lamp,3,0,0,0,0,0,0,0,0,0
02050,People,0,1,1,1,1,1,1,1,1,1
02050,People,1,1,1,1,1,0,0,1,0,0
02050,Lamp,0,1,0,1,1,1,1,0,1,1
02050,Lamp,1,0,0,0,0,0,0,0,0,0
02050,Lamp,2,1,1,0,1,1,1,0,1,1
02050,Lamp,3,0,0,0,0,0,0,0,0,0
02051,People,0,1,1,1,1,1,1,1,1,1
02051,People,1,0,1,0,0,0,0,0,0,0
02051,Lamp,0,1,0,0,0,0,0,0,0,0
02051,Lamp,1,0,0,0,0,0,0,0,0,0
02051,Lamp,2,1,0,1,1,1,1,1,1,1
02051,Lamp,3,0,0,0,0,0,0,0,0,0
02052,People,0,1,1,1,1,1,1,1,1,1
02052,People,1,0,1,0,1,1,0,0,0,0
02052,Lamp,0,1,1,0,1,1,0,0,0,1
02052,Lamp,1,1,0,1,1,1,1,1,1,1
02052,Lamp,2,0,0,0,0,0,0,0,0,0
02052,Lamp,3,1,0,0,1,0,1,1,0,1
02056,People,0,1,1,1,1,1,1,1,1,1
02056,People,1,1,1,1,1,1,1,1,1,1
02056,Lamp,0,1,0,1,1,1,1,1,1,1
02056,Lamp,1,0,0,0,0,0,0,0,0,0
02056,Lamp,2,1,1,1,1,1,1,1,0,1
02056,Lamp,3,1,0,0,1,0,0,0,0,0
02057,People,0,1,1,1,1,1,1,1,1,1
02057,People,1,1,1,0,1,0,1,0,1,1
02057,Lamp,0,1,0,0,1,1,1,0,1,0
02057,Lamp,1,0,0,0,0,0,0,0,0,0
02057,Lamp,2,0,0,0,0,0,0,0,0,0
02057,Lamp,3,1,0,1,1,1,1,1,0,1
02058,People,0,1,1,1,1,1,1,1,1,1
02058,People,1,1,1,1,1,1,1,1,1,1
02058,Lamp,0,1,0,0,0,0,0,0,1,0
02058,Lamp,1,0,0,0,0,0,0,0,0,0
02058,Lamp,2,1,1,1,1,1,1,1,0,1
02058,Lamp,3,0,0,0,0,0,0,0,0,0
02058,Lamp,4,0,0,0,0,0,0,0,0,0
02058,Lamp,5,0,0,0,0,0,0,0,0,0
02059,People,0,1,1,1,1,1,1,1,1,1
02059,People,1,1,1,0,1,1,1,0,0,0
02059,Lamp,0,1,0,1,1,1,1,1,0,1
02059,Lamp,1,0,0,0,0,0,0,0,0,0
02059,Lamp,2,0,0,0,0,0,0,0,0,0
02059,Lamp,3,0,0,0,0,0,0,0,0,0
02061,People,0,1,1,1,1,1,1,1,1,1
02061,People,1,1,1,1,1,1,1,1,1,1
02061,Lamp,0,1,0,1,1,1,1,1,0,1
02061,Lamp,1,0,0,0,1,0,0,0,0,0
02061,Lamp,2,0,0,0,0,0,0,0,0,0
02061,Lamp,3,1,0,0,1,1,1,1,1,1
02061,Lamp,4,0,0,0,0,0,0,0,0,0
02061,Lamp,5,0,0,0,0,0,0,0,0,0
02065,People,0,1,1,1,1,1,1,1,1,1
02065,People,1,1,1,1,1,1,1,1,1,1
02065,Lamp,0,0,0,0,0,0,0,0,1,0
02065,Lamp,1,0,0,0,0,0,0,0,0,0
02065,Lamp,2,1,1,1,1,1,1,1,1,1
02065,Lamp,3,1,0,0,1,0,0,0,0,0
02065,Lamp,4,0,0,0,0,0,0,0,0,0
02065,Lamp,5,1,1,1,1,1,1,1,0,1
02067,People,0,1,1,1,1,1,1,1,1,1
02067,People,1,0,1,0,1,1,0,1,0,0
02067,Lamp,0,1,1,1,1,1,1,1,0,1
02067,Lamp,1,1,0,0,1,0,0,0,0,0
02067,Lamp,2,0,0,1,0,1,1,0,0,0
02067,Lamp,3,1,1,1,1,1,1,1,1,1
02068,People,0,1,1,1,1,1,1,1,1,1
02068,People,1,0,1,0,1,0,0,0,0,0
02068,Lamp,0,1,1,1,1,1,1,1,1,1
02068,Lamp,1,1,1,1,1,1,1,1,0,1
02068,Lamp,2,1,0,0,1,0,0,0,0,0
02068,Lamp,3,0,0,0,0,0,0,0,0,0
02069,People,0,1,1,1,1,1,1,1,1,1
02069,People,1,1,1,0,1,0,1,0,1,0
02069,Lamp,0,1,0,0,1,1,0,0,0,1
02069,Lamp,1,1,1,1,1,1,1,1,0,1
02069,Lamp,2,0,0,0,0,0,0,0,0,0
02069,Lamp,3,0,0,0,0,0,0,0,0,0
02069,Lamp,4,1,1,0,1,0,0,0,0,0
02069,Lamp,5,0,1,0,0,0,0,0,0,0
02070,People,0,1,1,1,1,1,1,0,1,1
02070,People,1,1,1,0,0,0,0,0,0,0
02070,Lamp,0,1,0,1,1,1,1,1,1,1
02070,Lamp,1,0,0,0,0,0,0,0,0,0
02070,Lamp,2,1,1,1,1,1,1,1,1,1
02070,Lamp,3,1,0,1,1,1,1,1,1,1
02072,People,0,1,1,1,1,1,1,1,1,1
02072,People,1,1,1,1,1,1,0,1,1,0
02072,Lamp,0,1,0,1,1,1,1,1,1,1
02072,Lamp,1,1,0,0,1,1,0,1,0,0
02072,Lamp,2,1,1,0,1,1,0,0,0,0
02072,Lamp,3,0,0,0,0,0,0,0,0,0
02072,Lamp,4,0,0,0,0,0,0,0,0,0
02072,Lamp,5,1,1,1,1,1,1,1,1,1
02073,People,0,1,1,1,1,1,1,1,1,1
02073,People,1,0,1,1,0,1,1,1,1,0
02073,Lamp,0,1,0,1,1,1,1,1,1,1
02073,Lamp,1,0,0,0,0,0,0,0,0,0
02073,Lamp,2,1,1,1,1,1,1,1,1,1
02073,Lamp,3,0,0,0,0,0,0,0,0,0
02073,Lamp,4,0,0,0,0,0,0,0,0,0
02073,Lamp,5,1,1,1,1,1,1,1,1,1
02074,People,0,1,1,1,1,1,1,1,1,1
02074,People,1,1,1,0,0,0,0,0,0,0
02074,Lamp,0,1,0,1,1,1,1,1,1,1
02074,Lamp,1,0,0,0,0,0,0,0,0,0
02074,Lamp,2,0,0,0,0,0,0,0,0,0
02074,Lamp,3,0,0,0,0,0,0,0,0,0
02074,Lamp,4,1,1,1,1,1,1,1,1,1
02074,Lamp,5,1,0,1,0,0,1,0,0,1
02074,Lamp,6,0,0,0,0,0,0,0,0,0
02074,Lamp,7,1,1,1,1,1,1,1,1,1
02076,People,0,1,1,1,1,1,1,1,1,1
02076,People,1,1,1,1,1,1,1,1,1,1
02076,Lamp,0,1,0,1,1,1,1,1,1,1
02076,Lamp,1,0,1,0,0,0,0,0,0,0
02076,Lamp,2,1,0,0,1,0,0,0,0,0
02076,Lamp,3,0,0,0,0,0,0,0,0,0
02076,Lamp,4,1,1,1,1,1,1,1,1,1
02076,Lamp,5,1,0,1,1,1,1,1,1,1
02076,Lamp,6,1,0,1,1,1,1,1,1,1
02076,Lamp,7,0,0,0,0,0,0,0,0,0
02082,People,0,1,1,1,1,1,1,1,1,1
02082,People,1,1,1,1,1,1,1,1,1,1
02082,Lamp,0,0,0,0,0,0,0,0,0,0
02082,Lamp,1,0,0,0,0,0,0,0,0,0
02082,Lamp,2,1,0,0,1,0,0,0,0,0
02082,Lamp,3,0,0,0,0,0,0,0,0,0
02082,Lamp,4,0,0,0,0,0,0,0,0,0
02082,Lamp,5,0,0,0,0,0,0,0,0,0
02084,People,0,1,1,1,1,1,1,1,1,1
02084,People,1,1,1,1,1,1,1,1,1,1
02084,Lamp,0,1,1,1,1,1,1,1,1,1
02084,Lamp,1,1,0,1,1,1,1,0,0,1
02084,Lamp,2,1,0,0,1,1,0,0,0,0
02084,Lamp,3,0,0,0,0,0,0,0,0,0
02084,Lamp,4,1,0,0,0,0,0,0,0,0
02084,Lamp,5,0,0,0,0,0,0,0,0,0
02087,People,0,1,1,1,1,1,1,1,1,1
02087,People,1,1,1,1,1,1,1,1,1,1
02087,Lamp,0,0,0,0,0,0,0,0,0,0
02087,Lamp,1,1,1,1,1,1,1,1,1,1
02087,Lamp,2,1,0,1,1,1,1,1,1,1
02090,People,0,1,1,1,1,1,1,1,1,1
02090,People,1,1,1,1,1,1,1,1,1,1
02090,Lamp,0,1,0,0,0,0,0,0,0,0
02090,Lamp,1,0,0,0,0,0,0,0,0,1
02090,Lamp,2,1,1,1,1,1,1,1,1,1
02090,Lamp,3,1,1,1,1,1,1,1,1,1
02091,People,0,1,1,1,1,1,1,1,1,1
02091,People,1,1,1,1,1,1,1,1,1,1
02091,Lamp,0,0,0,0,0,0,0,0,0,0
02091,Lamp,1,0,0,0,0,1,1,1,0,1
02091,Lamp,2,1,0,0,1,0,1,1,0,0
02091,Lamp,3,0,0,0,0,0,0,0,0,0
02091,Lamp,4,0,1,0,0,0,0,0,0,0
02091,Lamp,5,1,1,1,1,1,1,1,1,1
02092,People,0,1,1,1,1,1,1,1,1,1
02092,People,1,1,1,1,1,1,1,1,1,1
02092,Lamp,0,0,0,0,0,0,0,0,0,0
02092,Lamp,1,0,0,0,0,0,0,0,0,1
02092,Lamp,2,1,0,1,1,1,1,1,0,1
02092,Lamp,3,0,0,0,0,0,0,0,0,0
02092,Lamp,4,0,1,0,0,0,0,0,0,0
02092,Lamp,5,1,1,1,1,1,1,1,1,1
02093,People,0,1,1,1,1,1,1,1,1,1
02093,People,1,1,1,1,1,0,0,0,1,1
02093,Lamp,0,1,0,1,1,0,0,0,0,0
02093,Lamp,1,0,0,0,0,0,0,0,0,0
02093,Lamp,2,1,0,0,1,0,0,0,0,1
02093,Lamp,3,0,0,0,0,0,0,0,0,0
02093,Lamp,4,1,1,0,0,1,0,0,0,1
02093,Lamp,5,1,0,1,1,1,1,0,0,1
02120,People,0,1,1,1,1,0,0,0,0,1
02120,People,1,1,1,1,1,0,1,1,1,1
02120,People,2,0,0,0,0,0,0,0,0,0
02120,Lamp,0,1,0,1,1,0,1,0,1,1
02127,People,0,0,1,1,0,0,1,0,0,0
02127,People,1,0,0,0,0,0,0,0,0,0
02127,People,2,1,0,1,1,1,1,1,1,1
02127,Lamp,0,1,0,1,1,1,1,1,1,1
02127,Lamp,1,1,1,0,0,0,0,0,0,0
02127,Lamp,2,0,0,0,0,0,0,0,0,0
02127,Lamp,3,0,0,0,0,0,0,0,0,0
02129,People,0,1,0,1,1,0,1,1,1,1
02129,People,1,0,0,0,1,0,1,0,0,1
02129,People,2,0,0,0,0,0,0,0,0,0
02129,Lamp,0,1,1,1,0,0,0,0,0,0
02129,Lamp,1,1,1,1,1,1,1,1,1,1
02139,People,0,1,1,1,1,1,1,1,1,1
02139,Lamp,0,1,1,1,1,1,1,1,0,1
02139,Lamp,1,1,1,1,1,1,1,1,1,1
02139,Lamp,2,1,1,1,1,1,1,1,1,1
02140,People,0,0,0,0,0,0,0,0,0,0
02140,Lamp,0,1,1,1,1,1,1,1,1,1
02140,Lamp,1,1,1,1,1,1,1,1,1,1
02140,Lamp,2,1,1,0,0,0,0,0,0,0
02149,People,0,1,1,1,1,1,1,1,1,1
02149,Lamp,0,1,1,1,1,1,1,1,1,1
02149,Lamp,1,1,1,1,1,1,1,1,1,1
02150,People,0,1,1,1,1,1,1,1,1,1
02150,Lamp,0,1,1,1,1,1,1,1,1,1
02150,Lamp,1,1,1,1,1,1,1,1,1,1
02151,People,0,1,1,1,1,1,1,1,1,1
02151,Lamp,0,1,1,1,1,1,1,1,1,1
02151,Lamp,1,1,1,1,1,1,1,1,1,1
02158,People,0,1,1,0,0,0,0,0,0,0
02158,Lamp,0,1,1,1,1,1,1,1,1,1
02158,Lamp,1,1,1,1,1,1,1,1,1,1
02160,People,0,1,1,1,1,1,1,1,1,1
02160,Lamp,0,1,1,1,1,1,1,1,0,1
02160,Lamp,1,1,1,1,1,1,1,1,1,1
02190,People,0,1,1,1,1,1,1,1,1,1
02190,People,1,0,0,0,0,0,0,0,0,0
02190,People,2,0,1,0,0,0,1,0,0,1
02190,Lamp,0,1,0,0,1,0,0,0,1,1
02190,Lamp,1,1,1,1,1,1,1,1,1,1
02191,People,0,1,1,1,1,1,1,1,1,1
02191,People,1,0,0,0,0,0,0,0,0,0
02191,People,2,0,0,0,0,1,1,1,1,1
02191,Lamp,0,1,0,1,1,1,1,0,1,1
02191,Lamp,1,0,1,1,0,0,1,0,0,0
02193,People,0,1,1,1,1,1,1,1,1,1
02193,People,1,1,0,1,1,1,1,1,1,1
02193,People,2,0,0,0,0,0,0,0,0,0
02193,Lamp,0,1,0,1,1,1,1,1,1,1
02193,Lamp,1,1,1,1,1,1,1,1,1,1
02195,People,0,1,1,1,1,1,1,1,1,1
02195,People,1,0,0,1,0,0,1,1,1,1
02195,People,2,1,1,1,1,1,1,0,0,0
02195,Lamp,0,1,0,1,1,1,1,1,1,1
02195,Lamp,1,1,1,1,1,1,1,1,1,1
02200,People,0,0,0,0,0,0,0,0,0,0
02200,Lamp,0,1,1,1,1,1,1,1,1,1
02200,Lamp,1,1,1,1,1,1,1,1,1,1
02217,People,0,0,0,0,0,0,0,0,0,0
02217,Lamp,0,0,0,0,0,0,0,0,0,0
02217,Lamp,1,0,0,0,0,0,0,0,0,0
02218,People,0,0,0,0,0,0,0,0,0,0
02218,Lamp,0,1,0,1,1,1,1,0,0,0
02218,Lamp,1,0,0,0,0,0,0,0,0,0
02226,People,0,0,0,1,0,0,0,0,0,0
02226,Lamp,0,1,1,1,1,1,1,1,1,1
02226,Lamp,1,1,0,0,0,0,0,0,1,1
02226,Lamp,2,1,1,1,1,1,1,1,1,1
02226,Lamp,3,1,0,0,0,0,0,0,0,0
02226,Lamp,4,0,0,1,0,1,1,0,1,0
02292,People,0,0,0,0,0,0,0,0,0,0
02292,Lamp,0,0,0,0,0,0,0,0,0,0
02292,Lamp,1,0,0,0,0,0,0,0,0,0
02292,Lamp,2,0,0,0,0,0,0,0,0,0
02292,Lamp,3,0,0,0,0,0,1,0,0,0
02293,People,0,0,0,0,0,0,0,0,0,0
02293,Lamp,0,0,0,0,0,0,0,0,0,0
02293,Lamp,1,0,0,0,0,0,0,0,0,0
02293,Lamp,2,0,0,0,0,0,0,0,0,0
02293,Lamp,3,0,0,0,0,0,0,0,0,0
02295,People,0,0,0,0,0,0,0,0,0,0
02295,Lamp,0,0,0,0,0,0,0,0,0,0
02295,Lamp,1,0,0,0,0,0,0,0,0,0
02295,Lamp,2,0,0,0,0,0,0,0,0,0
02295,Lamp,3,0,0,0,0,0,0,0,0,0
02295,Lamp,4,0,0,0,0,0,0,0,0,0
02295,Lamp,5,0,0,0,0,0,0,0,0,0
02295,Lamp,6,0,0,0,0,0,0,0,0,0
02295,Lamp,7,0,0,0,0,0,0,0,0,0
02297,People,0,0,0,0,0,0,0,0,0,0
02297,Lamp,0,0,0,0,1,0,1,0,0,0
02297,Lamp,1,0,0,0,0,0,0,0,0,0
02297,Lamp,2,0,0,0,0,0,0,0,0,0
02297,Lamp,3,0,0,0,0,0,0,0,0,0
02297,Lamp,4,0,0,0,0,0,0,0,0,0
02298,People,0,0,0,0,0,0,0,0,0,0
02298,Lamp,0,0,0,0,0,0,0,0,0,0
02298,Lamp,1,0,0,0,0,0,0,0,0,0
02298,Lamp,2,0,0,0,0,0,0,0,0,0
02298,Lamp,3,0,0,0,0,0,0,0,0,0
02298,Lamp,4,1,0,1,1,1,1,1,0,1
02299,People,0,0,0,0,0,0,0,0,0,0
02299,Lamp,0,0,0,0,0,0,0,0,0,0
02299,Lamp,1,0,0,0,0,0,0,0,0,0
02299,Lamp,2,0,0,0,0,0,0,0,0,0
02299,Lamp,3,0,0,0,0,0,0,0,0,0
02299,Lamp,4,1,0,0,1,1,0,0,0,0
02299,Lamp,5,1,0,1,1,1,1,1,0,1
02328,People,0,1,1,0,1,1,1,1,0,1
02328,People,1,1,0,1,0,0,1,1,0,0
02328,People,2,0,0,0,0,0,0,0,0,0
02328,Lamp,0,0,0,0,0,0,0,0,0,0
02332,People,0,1,1,1,1,0,1,1,0,1
02332,People,1,1,1,1,0,1,1,1,1,1
02332,People,2,1,1,0,0,0,0,0,0,0
02332,People,3,0,0,0,0,0,0,0,0,0
02332,Lamp,0,0,0,0,0,0,0,0,0,0
02335,People,0,1,1,1,1,1,1,1,1,1
02335,People,1,1,1,1,1,1,1,1,1,1
02335,People,2,1,1,1,1,0,1,0,0,0
02335,People,3,0,1,1,1,1,1,1,0,1
02335,Lamp,0,0,0,0,0,0,0,0,0,0
02337,People,0,1,0,0,1,0,0,0,0,0
02337,People,1,0,0,0,0,0,0,0,0,0
02337,Lamp,0,0,0,0,0,0,0,0,0,0
02453,People,0,1,1,1,0,0,1,0,0,0
02453,People,1,0,0,0,0,0,0,0,0,0
02453,Lamp,0,0,0,0,0,0,0,0,0,0
02456,People,0,1,1,1,1,1,1,1,1,1
02456,Lamp,0,0,0,0,0,0,0,0,0,0
02456,Lamp,1,0,0,0,0,0,0,0,0,0
02456,Lamp,2,0,0,0,0,0,0,0,0,0
02457,People,0,1,1,1,1,1,1,1,1,1
02457,Lamp,0,0,0,0,0,0,0,0,0,0
02457,Lamp,1,0,0,0,0,0,0,0,0,0
02457,Lamp,2,0,0,0,0,0,0,0,0,0
02457,Lamp,3,0,0,0,0,0,0,0,0,0
02465,People,0,0,0,0,0,0,0,0,0,0
02465,Lamp,0,0,0,0,0,0,0,0,0,0
02465,Lamp,1,0,0,0,0,0,0,0,0,0
02465,Lamp,2,0,0,0,0,0,0,0,0,0
02467,People,0,0,0,0,0,0,0,0,0,0
02467,Lamp,0,1,0,0,0,0,0,0,0,0
02467,Lamp,1,0,0,0,0,0,0,0,0,0
02468,People,0,0,0,0,0,0,0,0,0,0
02468,People,1,0,0,0,0,0,0,0,0,0
02468,Lamp,0,0,0,0,0,0,0,0,0,0
02468,Lamp,1,0,0,0,0,0,0,0,0,0
02478,People,0,1,1,1,1,1,1,1,1,1
02478,People,1,1,1,1,1,1,1,1,1,1
02478,People,2,0,0,0,0,0,0,0,0,0
02478,People,3,0,0,0,0,0,0,0,0,0
02478,Lamp,0,1,1,1,1,1,1,1,1,1
02478,Lamp,1,1,1,1,1,1,1,1,1,1
02489,People,0,1,1,0,1,0,0,0,0,0
02489,People,1,1,0,0,1,1,1,1,0,0
02489,People,2,0,0,0,0,0,0,0,0,0
02489,People,3,1,1,0,1,1,0,0,0,1
02489,People,4,0,0,0,0,0,0,0,0,0
02489,People,5,1,0,0,1,0,1,0,0,0
02489,Lamp,0,0,0,0,0,0,0,0,0,0
02489,Lamp,1,0,0,0,0,0,0,0,0,0
02490,People,0,1,1,0,1,1,0,1,0,0
02490,People,1,1,1,0,1,1,0,0,1,0
02490,People,2,1,1,0,0,0,0,0,0,0
02490,People,3,1,1,0,0,0,0,0,0,0
02490,People,4,0,0,0,0,0,0,0,0,0
02490,Lamp,0,0,0,0,0,0,0,0,0,0
02490,Lamp,1,0,0,0,0,0,0,0,0,0
02491,People,0,1,1,0,0,0,0,1,0,0
02491,People,1,1,1,1,1,1,1,1,1,0
02491,People,2,1,1,1,1,1,1,1,1,1
02491,People,3,0,1,0,0,0,0,0,0,0
02491,People,4,1,1,0,1,0,0,0,0,0
02491,Lamp,0,0,0,0,0,0,0,0,0,0
02491,Lamp,1,0,0,0,0,0,0,0,0,0
02602,People,0,0,0,0,0,0,0,0,0,0
02602,Lamp,0,0,0,0,0,0,0,0,0,0
02602,Lamp,1,0,0,0,0,0,0,0,0,0
02602,Lamp,2,0,0,0,0,0,0,0,0,0
02606,People,0,0,0,0,0,0,0,0,0,1
02606,Lamp,0,1,0,1,0,1,1,0,0,0
02606,Lamp,1,0,0,0,0,0,0,0,0,0
02607,People,0,1,0,0,1,0,1,0,0,0
02607,Lamp,0,0,0,0,0,0,0,0,0,0
02607,Lamp,1,0,0,0,0,0,0,0,0,0
02622,People,0,1,0,1,1,1,1,1,1,1
02622,People,1,1,1,0,1,0,0,0,0,0
02622,People,2,0,0,0,0,0,0,0,0,0
02622,Lamp,0,1,1,1,1,1,1,1,1,1
02622,Lamp,1,1,1,1,1,1,1,1,0,1
02622,Lamp,2,1,1,1,1,1,1,1,1,1
02717,People,0,0,0,0,0,0,0,0,0,0
02717,People,1,0,0,0,0,0,0,0,0,0
02717,People,2,0,0,0,0,0,0,0,0,0
02717,Lamp,0,0,0,0,0,0,0,0,0,0
02720,People,0,0,0,0,0,0,0,0,0,0
02720,People,1,0,0,0,0,0,0,0,0,0
02720,People,2,0,0,0,0,0,0,0,0,0
02720,Lamp,0,0,0,0,0,0,0,0,0,0
02721,People,0,0,0,0,0,0,0,0,0,0
02721,People,1,0,0,0,0,0,0,0,0,0
02721,Lamp,0,0,0,0,0,0,0,0,0,0
02727,People,0,1,1,1,1,1,1,1,0,1
02727,People,1,0,0,0,1,0,0,0,0,0
02727,People,2,0,1,0,0,0,0,0,0,0
02727,People,3,0,0,0,0,0,0,0,0,0
02727,Lamp,0,0,0,0,0,0,0,0,0,0
02732,People,0,0,1,0,0,0,0,0,0,0
02732,People,1,0,0,0,0,0,0,0,0,0
02732,Lamp,0,0,0,0,0,0,0,0,0,0
02735,People,0,0,1,0,0,0,0,0,0,0
02735,People,1,0,0,0,0,0,0,0,0,0
02735,Lamp,0,0,0,0,0,0,0,0,0,0
02736,People,0,0,0,0,0,0,0,0,0,0
02736,People,1,0,0,0,0,0,0,0,0,0
02736,Lamp,0,0,0,0,0,0,0,0,0,0
02738,People,0,0,0,0,0,0,0,0,0,0
02738,People,1,0,0,0,0,0,0,0,0,0
02738,People,2,0,1,0,0,0,0,0,0,0
02738,Lamp,0,0,0,0,0,0,0,0,0,0
02940,People,0,1,1,1,1,1,1,1,1,1
02940,Lamp,0,0,0,0,0,0,0,0,0,0
02940,Lamp,1,0,0,0,0,0,0,0,0,0
02942,People,0,1,1,1,1,1,1,1,1,1
02942,Lamp,0,0,0,0,0,0,0,0,0,0
02942,Lamp,1,0,0,0,0,0,0,0,0,0
02942,Lamp,2,0,0,0,0,0,0,0,0,0
02942,Lamp,3,0,0,0,0,0,0,0,0,0
02942,Lamp,4,0,0,0,0,0,0,0,0,0
02945,People,0,1,1,1,1,1,0,0,1,0
02945,Lamp,0,1,0,1,0,0,0,0,0,0
02945,Lamp,1,0,0,0,0,0,0,0,0,0
02945,Lamp,2,0,0,0,0,0,0,0,0,0
02947,People,0,1,1,1,1,1,1,1,0,1
02947,Lamp,0,1,1,1,1,1,1,1,1,1
02947,Lamp,1,1,0,1,1,1,1,1,1,1
02947,Lamp,2,0,0,0,0,0,0,0,0,0
02947,Lamp,3,0,0,0,0,0,0,0,0,0
02947,Lamp,4,0,0,0,0,0,0,0,0,0
02949,People,0,0,0,0,0,0,0,0,0,0
02949,Lamp,0,1,0,1,1,1,1,1,1,1
02949,Lamp,1,0,0,0,0,0,0,0,0,0
02949,Lamp,2,0,0,0,0,0,0,0,0,0
02949,Lamp,3,0,0,1,0,0,0,0,0,0
02949,Lamp,4,0,0,0,0,0,0,0,0,0
02949,Lamp,5,0,0,0,0,0,0,0,0,0
02950,People,0,0,0,0,0,0,0,0,0,0
02950,People,1,0,0,0,0,0,0,0,0,0
02950,Lamp,0,1,1,1,1,1,1,1,1,1
02950,Lamp,1,0,0,0,0,0,0,0,0,0
02950,Lamp,2,0,0,0,0,0,0,0,0,0
02950,Lamp,3,0,0,0,0,0,0,0,0,0
02950,Lamp,4,0,0,0,0,0,0,0,0,0
02951,People,0,0,0,0,0,0,0,0,0,0
02951,Lamp,0,1,0,1,1,1,1,1,1,1
02951,Lamp,1,0,0,0,0,0,0,0,0,0
02951,Lamp,2,0,0,0,0,0,0,0,0,0
02951,Lamp,3,0,0,0,0,0,0,0,0,0
02951,Lamp,4,0,0,0,0,0,0,0,0,0
02953,People,0,0,0,0,0,0,0,0,0,0
02953,Lamp,0,0,0,0,0,0,0,0,0,0
02953,Lamp,1,0,0,1,0,1,1,1,0,0
02953,Lamp,2,1,0,0,0,0,0,0,0,0
02953,Lamp,3,0,0,0,0,0,0,0,0,0
02957,People,0,0,0,0,0,0,0,0,0,0
02957,Lamp,0,1,0,1,1,1,1,1,0,1
02957,Lamp,1,0,0,0,0,0,0,0,0,0
02957,Lamp,2,1,0,1,1,1,1,1,1,1
02957,Lamp,3,0,0,0,0,0,0,0,0,0
02957,Lamp,4,0,0,0,0,0,0,0,0,0
02957,Lamp,5,0,0,0,0,0,0,0,0,0
03024,People,0,0,1,0,0,0,0,0,0,0
03024,Lamp,0,0,1,0,0,0,0,0,0,1
03024,Lamp,1,0,1,0,0,0,0,0,0,0
03052,People,0,0,0,0,0,0,0,0,0,0
03052,Lamp,0,0,0,0,0,0,0,0,0,0
03053,People,0,0,1,0,0,0,0,0,0,0
03053,People,1,0,0,0,0,0,0,0,0,0
03053,Lamp,0,0,0,0,0,0,0,0,0,0
03053,Lamp,1,0,0,0,0,0,0,0,0,0
03054,People,0,0,0,0,0,0,0,0,0,0
03054,People,1,0,0,0,0,0,0,0,0,0
03054,People,2,0,0,0,0,0,0,0,0,0
03054,Lamp,0,0,0,0,0,0,0,0,0,0
03054,Lamp,1,0,0,0,0,0,0,0,0,0
03057,People,0,0,0,0,0,0,0,0,0,0
03057,People,1,0,0,0,0,0,0,0,0,0
03057,Lamp,0,0,0,0,0,0,0,0,0,0
03057,Lamp,1,0,0,0,0,0,0,0,0,0
03059,People,0,0,1,1,0,1,1,1,1,0
03059,People,1,1,1,0,1,1,0,0,0,0
03059,People,2,0,0,0,0,0,0,0,0,0
03059,Lamp,0,0,0,0,0,0,0,0,0,0
03059,Lamp,1,0,0,0,0,0,0,0,0,0
03060,People,0,1,1,1,1,1,1,1,1,1
03060,People,1,1,1,1,1,1,1,1,1,1
03060,People,2,1,0,0,0,1,0,0,0,0
03060,People,3,0,0,0,0,0,0,0,0,0
03060,Lamp,0,0,0,0,0,0,0,0,0,0
03060,Lamp,1,0,0,0,0,0,0,0,0,0
03061,People,0,1,1,0,1,0,0,0,0,0
03061,People,1,1,1,1,1,1,1,1,1,1
03061,People,2,1,1,1,1,0,1,1,1,1
03061,People,3,0,0,0,0,0,0,0,0,0
03061,Lamp,0,0,0,1,0,1,1,1,0,0
03061,Lamp,1,0,0,0,0,0,0,0,0,0
03063,People,0,1,1,1,1,1,1,1,1,1
03063,People,1,0,0,0,0,0,0,0,0,0
03063,Lamp,0,0,1,0,0,0,0,0,0,0
03063,Lamp,1,1,1,1,1,1,1,0,0,0
03063,Lamp,2,0,0,0,0,0,0,0,0,0
03063,Lamp,3,0,0,0,0,0,0,0,0,0
03066,People,0,0,0,0,0,0,0,0,0,0
03066,Lamp,0,0,0,0,0,0,0,0,0,0
03066,Lamp,1,0,0,0,0,0,0,0,0,0
03066,Lamp,2,1,1,1,1,1,1,1,1,1
03066,Lamp,3,0,0,0,0,0,0,0,0,0
03066,Lamp,4,0,0,0,0,0,0,0,0,0
03066,Lamp,5,0,0,0,0,0,0,0,0,0
03072,People,0,1,1,1,0,1,1,1,1,1
03072,People,1,1,0,0,1,0,0,0,0,0
03072,People,2,0,1,0,0,0,0,0,0,0
03072,People,3,0,0,0,0,0,0,0,0,0
03072,People,4,0,0,0,0,0,0,0,0,0
03072,People,5,0,0,0,0,0,0,0,0,0
03072,People,6,1,1,1,1,1,1,1,1,1
03072,People,7,1,1,1,1,1,1,1,1,0
03072,Lamp,0,0,0,0,0,0,0,0,0,0
03072,Lamp,1,1,1,1,1,0,1,1,0,1
03072,Lamp,2,1,1,1,1,0,1,0,1,1
03072,Lamp,3,0,0,0,0,0,0,0,0,0
03072,Lamp,4,0,0,0,0,0,0,0,0,0
03072,Lamp,5,0,0,0,0,0,0,0,0,0
03072,Lamp,6,0,0,0,1,0,0,0,0,0
03072,Lamp,7,0,0,0,0,0,0,0,0,0
03078,People,0,1,1,1,1,1,1,1,1,1
03078,People,1,1,1,1,1,0,1,1,0,1
03078,People,2,1,1,1,1,0,1,1,0,1
03078,People,3,1,1,0,1,0,1,1,1,1
03078,People,4,0,0,0,0,0,0,0,0,0
03078,People,5,0,0,0,0,0,0,0,0,0
03078,People,6,0,0,0,0,0,0,0,0,0
03078,Lamp,0,1,1,1,1,1,1,1,1,1
03078,Lamp,1,1,1,1,1,1,1,0,1,1
03078,Lamp,2,1,1,0,1,0,0,0,1,1
03078,Lamp,3,1,1,1,0,0,0,0,0,0
03079,People,0,1,1,1,1,1,1,1,1,1
03079,People,1,1,1,1,1,1,1,1,1,1
03079,People,2,0,1,0,0,0,0,0,0,0
03079,People,3,0,0,0,0,0,0,0,0,0
03079,Lamp,0,1,1,1,1,1,1,0,1,1
03079,Lamp,1,1,1,1,1,0,1,0,1,1
03079,Lamp,2,1,1,1,1,0,1,0,0,0
03116,People,0,1,1,1,1,1,1,1,1,1
03116,Lamp,0,1,1,1,1,1,1,1,1,1
03116,Lamp,1,1,1,0,1,0,1,0,0,1
03118,People,0,1,1,1,1,1,1,1,1,1
03118,Lamp,0,1,1,1,1,1,1,1,1,1
03118,Lamp,1,1,1,1,1,0,1,0,0,1
03119,People,0,1,1,1,1,1,1,1,1,1
03119,Lamp,0,1,1,1,1,1,1,1,1,1
03119,Lamp,1,1,1,1,1,0,1,1,0,1
03121,People,0,1,1,1,1,1,1,1,1,1
03121,Lamp,0,1,1,1,1,1,1,1,1,1
03121,Lamp,1,1,1,0,1,0,1,0,0,1
03124,People,0,1,1,1,1,1,1,1,1,1
03124,Lamp,0,1,1,1,1,1,1,1,1,1
03124,Lamp,1,1,1,1,1,0,1,0,1,1
03125,People,0,1,1,1,1,1,1,1,1,1
03125,Lamp,0,1,1,1,1,1,1,1,1,1
03125,Lamp,1,1,1,0,1,0,1,0,0,1
03302,People,0,1,0,1,1,1,1,1,1,1
03302,Lamp,0,1,1,1,1,1,1,1,1,1
03302,Lamp,1,1,1,1,1,1,1,1,0,0
03302,Lamp,2,1,0,1,1,1,1,1,1,1
03302,Lamp,3,0,1,0,0,0,0,0,0,0
03313,People,0,1,1,1,1,1,1,1,0,1
03313,People,1,0,0,0,0,0,0,0,0,0
03313,Lamp,0,0,0,0,0,0,0,0,0,0
03313,Lamp,1,1,1,1,1,0,0,0,0,0
03347,People,0,1,0,1,1,1,1,1,0,1
03347,People,1,0,0,0,0,0,0,0,0,0
03347,People,2,0,0,0,0,0,0,0,0,0
03347,Lamp,0,0,0,0,0,0,0,0,0,0
03347,Lamp,1,0,0,0,0,0,0,0,0,0
03349,People,0,0,1,0,0,0,0,0,0,0
03349,People,1,0,0,0,0,0,0,0,0,0
03349,People,2,0,1,0,0,0,0,0,0,0
03349,Lamp,0,0,0,0,0,0,0,0,0,0
03349,Lamp,1,0,0,0,0,0,0,0,0,0
03350,People,0,1,1,1,1,1,1,1,0,0
03350,People,1,0,1,0,0,1,0,0,0,0
03350,People,2,0,0,0,0,0,0,0,0,0
03350,People,3,0,0,0,0,0,0,0,0,0
03350,People,4,0,0,0,0,0,0,0,0,0
03350,Lamp,0,0,0,0,0,0,0,0,0,0
03350,Lamp,1,0,0,0,0,0,0,0,0,0
03378,People,0,0,0,0,0,0,0,0,0,0
03378,People,1,0,0,0,0,0,0,0,0,0
03378,People,2,1,1,1,1,1,1,1,1,1
03378,People,3,1,1,1,1,0,1,0,0,0
03378,Lamp,0,0,0,0,0,0,0,0,0,0
03378,Lamp,1,1,0,1,1,1,1,1,1,1
03378,Lamp,2,0,0,0,0,0,0,0,0,0
03378,Lamp,3,1,0,1,1,1,1,0,0,0
03378,Lamp,4,0,1,0,0,0,0,0,0,0
03381,People,0,0,0,0,0,0,0,0,0,0
03381,People,1,1,1,1,1,1,1,1,1,1
03381,People,2,1,1,1,1,1,1,1,1,1
03381,People,3,0,0,0,0,0,0,0,0,0
03381,People,4,0,0,0,0,0,0,0,0,0
03381,Lamp,0,1,0,1,1,1,1,1,1,1
03381,Lamp,1,1,0,1,1,1,1,1,0,1
03381,Lamp,2,1,0,1,1,1,1,1,1,1
03381,Lamp,3,0,0,0,0,0,0,0,0,0
03381,Lamp,4,0,0,0,0,0,0,0,0,0
03382,People,0,0,0,0,0,0,0,0,0,0
03382,People,1,1,1,1,1,1,1,1,1,1
03382,People,2,1,1,1,1,1,1,1,1,1
03382,Lamp,0,1,0,1,1,1,1,1,1,1
03382,Lamp,1,1,0,1,1,1,1,1,1,1
03382,Lamp,2,1,0,1,1,1,1,1,1,1
03382,Lamp,3,0,0,0,0,0,0,0,0,0
03382,Lamp,4,0,0,0,0,0,0,0,0,0
03383,People,0,0,0,0,0,0,0,0,0,0
03383,People,1,1,1,1,1,1,1,1,1,1
03383,People,2,1,1,1,1,1,1,1,1,1
03383,Lamp,0,1,0,1,1,1,1,1,1,1
03383,Lamp,1,1,1,1,0,0,0,0,1,1
03383,Lamp,2,1,0,1,1,1,1,0,1,1
03383,Lamp,3,0,0,0,0,0,0,0,0,0
03383,Lamp,4,0,0,0,0,0,0,0,0,0
03384,People,0,0,0,0,0,0,0,0,0,0
03384,People,1,0,0,0,0,1,0,0,0,0
03384,People,2,1,1,1,1,1,1,1,1,1
03384,People,3,1,1,1,1,1,1,1,1,1
03384,Lamp,0,1,0,1,1,1,1,1,1,1
03384,Lamp,1,1,1,1,1,1,1,1,1,0
03384,Lamp,2,1,0,1,1,1,1,1,1,1
03384,Lamp,3,0,0,0,0,0,0,0,0,0
03384,Lamp,4,0,0,0,0,0,0,0,0,0
03389,People,0,0,0,0,0,0,0,0,0,0
03389,People,1,1,1,1,1,1,1,1,1,1
03389,People,2,0,1,0,1,1,0,0,0,0
03389,People,3,1,1,1,1,1,1,1,1,1
03389,Lamp,0,1,0,1,1,1,1,1,1,1
03389,Lamp,1,1,0,1,0,0,0,0,0,0
03389,Lamp,2,0,0,0,1,1,1,0,0,1
03389,Lamp,3,0,0,0,0,0,0,0,0,0
03389,Lamp,4,0,0,0,0,0,0,0,0,0
03390,People,0,1,1,1,1,1,1,1,1,1
03390,People,1,0,0,0,0,0,0,0,0,0
03390,People,2,1,1,1,1,1,1,1,1,1
03390,People,3,1,1,1,1,1,1,1,1,1
03390,Lamp,0,1,0,1,1,1,1,1,0,1
03390,Lamp,1,0,0,0,0,0,0,0,0,0
03390,Lamp,2,0,0,0,1,0,0,0,0,0
03390,Lamp,3,0,0,0,0,0,0,0,0,0
03390,Lamp,4,0,0,0,0,0,0,0,0,0
03392,People,0,0,0,0,0,0,0,0,0,0
03392,People,1,1,1,1,1,1,1,1,1,1
03392,People,2,1,1,1,1,1,1,1,1,1
03392,People,3,0,0,0,0,0,0,0,0,0
03392,People,4,0,0,0,0,0,0,0,0,0
03392,People,5,1,1,1,1,1,1,1,1,1
03392,Lamp,0,1,0,1,1,1,1,1,0,1
03392,Lamp,1,0,0,0,0,0,0,0,0,0
03392,Lamp,2,0,0,1,1,1,1,0,0,0
03392,Lamp,3,0,0,0,0,0,0,0,0,0
03392,Lamp,4,0,0,0,0,0,0,0,0,0
03395,People,0,1,1,1,1,1,1,1,0,1
03395,People,1,1,1,1,1,1,1,1,1,1
03395,People,2,0,0,0,0,0,0,0,0,0
03395,People,3,1,1,1,1,1,1,1,1,1
03395,People,4,0,0,0,0,0,0,0,0,0
03395,People,5,0,0,0,0,0,0,0,0,0
03395,People,6,0,0,0,0,0,0,0,0,0
03395,People,7,0,0,0,0,0,0,0,0,0
03395,Lamp,0,1,0,1,1,1,1,1,1,1
03395,Lamp,1,1,1,1,1,1,1,1,1,0
03395,Lamp,2,1,0,1,1,1,1,1,1,1
03395,Lamp,3,0,0,1,1,0,0,0,0,0
03395,Lamp,4,0,0,0,0,0,0,0,0,0
03397,People,0,1,1,1,1,1,1,1,1,1
03397,People,1,1,1,1,1,1,1,1,1,1
03397,People,2,0,0,0,0,0,0,0,0,0
03397,People,3,1,1,1,1,1,1,1,1,1
03397,People,4,0,0,0,0,0,0,0,0,0
03397,People,5,0,0,0,0,0,0,0,0,0
03397,People,6,0,0,0,0,0,0,0,0,0
03397,Lamp,0,1,0,1,1,1,1,1,1,1
03397,Lamp,1,1,0,1,1,1,1,1,1,0
03397,Lamp,2,1,0,1,1,1,1,1,1,1
03397,Lamp,3,0,0,0,1,0,0,0,0,0
03397,Lamp,4,0,0,0,0,0,0,0,0,1
03398,People,0,1,1,1,1,1,1,1,1,1
03398,People,1,1,1,1,1,1,1,1,1,1
03398,People,2,0,0,0,0,0,0,0,0,0
03398,People,3,0,1,0,0,0,0,0,0,0
03398,People,4,0,0,0,0,0,0,0,0,0
03398,People,5,1,1,1,1,1,1,1,1,1
03398,Lamp,0,1,0,1,1,1,1,1,1,1
03398,Lamp,1,1,0,1,1,0,1,1,1,0
03398,Lamp,2,1,0,1,1,1,1,0,0,0
03398,Lamp,3,0,0,1,1,0,0,0,0,0
03398,Lamp,4,0,0,0,0,0,0,0,0,0
03405,People,0,1,1,1,1,1,1,1,1,1
03405,People,1,0,1,0,0,0,0,0,0,0
03405,People,2,0,1,0,0,0,0,0,0,0
03405,Lamp,0,1,0,1,0,1,1,1,1,1
03405,Lamp,1,1,0,1,1,1,1,1,1,1
03405,Lamp,2,1,0,1,1,1,1,1,1,1
03405,Lamp,3,1,1,1,1,1,1,1,1,1
03408,People,0,1,0,1,1,1,1,1,1,1
03408,People,1,0,1,0,0,0,0,0,0,0
03408,People,2,0,0,0,0,0,0,0,0,0
03408,People,3,0,0,0,0,0,0,0,0,0
03408,Lamp,0,1,1,1,0,0,0,0,1,1
03408,Lamp,1,1,1,1,1,1,1,1,1,1
03408,Lamp,2,1,1,1,1,1,1,1,1,1
03408,Lamp,3,1,1,1,1,1,1,1,0,1
03409,People,0,0,1,0,0,1,0,0,0,0
03409,People,1,0,0,0,0,0,0,0,0,0
03409,Lamp,0,1,1,1,0,1,0,1,1,1
03409,Lamp,1,1,1,1,1,1,1,1,1,1
03409,Lamp,2,1,1,1,1,1,1,1,1,1
03409,Lamp,3,1,1,1,0,1,0,1,0,1
03566,People,0,0,0,0,0,0,0,0,0,0
03566,Lamp,0,1,1,1,1,1,1,1,1,1
03681,People,0,0,0,0,0,0,0,0,0,0
03681,Lamp,0,1,0,1,1,1,1,1,1,1
03681,Lamp,1,1,1,1,1,1,1,1,1,1
03681,Lamp,2,1,1,1,1,1,1,1,1,1
03681,Lamp,3,1,0,1,1,1,1,1,1,1
03682,People,0,0,0,0,0,0,0,0,0,0
03682,Lamp,0,1,0,1,1,1,1,1,1,1
03682,Lamp,1,1,0,1,1,1,1,1,1,1
03682,Lamp,2,1,0,1,1,1,1,1,1,1
03682,Lamp,3,1,0,1,1,1,1,1,1,1
03683,People,0,0,0,0,0,0,0,0,0,0
03683,Lamp,0,1,0,1,1,1,1,1,1,1
03683,Lamp,1,1,0,1,1,1,1,1,1,1
03683,Lamp,2,1,0,1,1,1,1,1,1,1
03683,Lamp,3,1,0,1,1,1,1,1,1,1
03687,People,0,0,0,0,0,0,0,0,0,0
03687,People,1,0,0,0,0,0,0,0,0,0
03687,People,2,0,0,0,0,0,0,0,0,0
03687,Lamp,0,1,0,1,1,1,1,1,1,1
03687,Lamp,1,1,0,1,1,1,1,1,1,1
03687,Lamp,2,1,0,1,1,1,1,1,1,1
03687,Lamp,3,1,0,1,1,1,1,1,1,1
03688,People,0,0,0,0,0,0,0,0,0,0
03688,People,1,0,0,0,0,0,0,0,0,0
03688,People,2,0,0,0,0,0,0,0,0,0
03688,Lamp,0,1,0,1,1,1,1,0,1,1
03688,Lamp,1,1,0,1,1,1,1,1,1,1
03688,Lamp,2,1,0,1,1,1,1,1,1,1
03688,Lamp,3,1,0,1,1,1,1,1,1,1
03689,People,0,0,0,0,0,0,0,0,0,0
03689,Lamp,0,0,0,0,0,0,0,0,0,0
03689,Lamp,1,0,0,0,0,0,0,0,0,0
03689,Lamp,2,0,0,0,0,0,0,0,0,0
03689,Lamp,3,0,0,0,0,0,0,0,0,0
