method,mAP50,mAP50_95,precision,recall,AP50_People,AP50_Car,AP50_Bus,AP50_Motorcycle,AP50_Lamp,AP50_Truck
VIS,0.6762,0.4302,0.8281,0.5993,0.6207,0.8505,0.7808,0.4604,0.6161,0.7289
IR,0.668,0.4225,0.8065,0.5827,0.7787,0.8298,0.7879,0.5262,0.3482,0.7369
PiramideLaplace,0.6736,0.432,0.8317,0.5913,0.6837,0.8556,0.7618,0.4674,0.5446,0.7283
RatioPiramide,0.6772,0.4317,0.7894,0.5971,0.6938,0.8502,0.777,0.4792,0.5505,0.7123
DWT,0.6524,0.4109,0.7813,0.5689,0.6639,0.8451,0.7383,0.4373,0.5277,0.7021
DTCWT,0.6647,0.4247,0.7982,0.5908,0.6694,0.8461,0.7627,0.4626,0.5419,0.7051
Curvelet,0.6426,0.4051,0.8048,0.5528,0.6418,0.8383,0.7383,0.4606,0.4899,0.6867
TopHat_Clasico,0.6082,0.3781,0.7411,0.5357,0.5753,0.8251,0.7216,0.4374,0.4376,0.6523
Propuesta_Novedosa,0.6509,0.4124,0.7707,0.5744,0.6406,0.8419,0.7435,0.4568,0.4881,0.7344
