imagen,particulas,iteraciones,r,m,SSIM_avg,E,SF,SD,PSNR,FO
APC_1_view_1_fk_06_005,2,10,4,0.3,0.72436,6.554339,17.615729,0.102167,19.902638,1.754277
APC_1_view_1_fk_06_005,2,20,25,0.3,0.673401,6.86487,19.009294,0.125813,18.970182,1.721211
APC_1_view_1_fk_06_005,2,30,1,0.9104,0.624967,6.611474,21.930743,0.099893,19.873815,1.650134
APC_1_view_1_fk_06_005,2,40,9,0.3,0.693715,6.687436,18.627261,0.11357,19.465741,1.725313
APC_1_view_1_fk_06_005,2,50,2,0.3,0.756833,6.482147,15.839036,0.095099,20.172197,1.784237
APC_1_view_1_fk_06_005,4,10,1,0.3,0.774484,6.457471,14.455348,0.092401,20.256882,1.784237
APC_1_view_1_fk_06_005,4,20,1,0.3,0.774484,6.457471,14.455348,0.092401,20.256882,1.784237
APC_1_view_1_fk_06_005,4,30,2,0.3,0.756833,6.482147,15.839036,0.095099,20.172197,1.784237
APC_1_view_1_fk_06_005,4,40,25,0.3,0.673401,6.86487,19.009294,0.125813,18.970182,1.721211
APC_1_view_1_fk_06_005,4,50,25,0.3,0.673401,6.86487,19.009294,0.125813,18.970182,1.721211
APC_1_view_1_fk_06_005,6,10,2,0.3,0.756833,6.482147,15.839036,0.095099,20.172197,1.784237
APC_1_view_1_fk_06_005,6,20,25,0.3,0.673401,6.86487,19.009294,0.125813,18.970182,1.721211
APC_1_view_1_fk_06_005,6,30,1,0.3,0.774484,6.457471,14.455348,0.092401,20.256882,1.784237
APC_1_view_1_fk_06_005,6,40,1,0.3,0.774484,6.457471,14.455348,0.092401,20.256882,1.784237
APC_1_view_1_fk_06_005,6,50,1,0.3,0.774484,6.457471,14.455348,0.092401,20.256882,1.784237
APC_1_view_1_fk_06_005,8,10,1,0.3,0.774484,6.457471,14.455348,0.092401,20.256882,1.784237
APC_1_view_1_fk_06_005,8,20,1,0.3,0.774484,6.457471,14.455348,0.092401,20.256882,1.784237
APC_1_view_1_fk_06_005,8,30,1,0.3,0.774484,6.457471,14.455348,0.092401,20.256882,1.784237
APC_1_view_1_fk_06_005,8,40,25,0.3,0.673401,6.86487,19.009294,0.125813,18.970182,1.721211
APC_1_view_1_fk_06_005,8,50,1,0.3,0.774484,6.457471,14.455348,0.092401,20.256882,1.784237
APC_1_view_1_fk_06_005,10,10,2,0.3,0.756833,6.482147,15.839036,0.095099,20.172197,1.784237
APC_1_view_1_fk_06_005,10,20,25,0.3,0.673401,6.86487,19.009294,0.125813,18.970182,1.721211
APC_1_view_1_fk_06_005,10,30,25,0.3,0.673401,6.86487,19.009294,0.125813,18.970182,1.721211
APC_1_view_1_fk_06_005,10,40,1,0.3,0.774484,6.457471,14.455348,0.092401,20.256882,1.784237
APC_1_view_1_fk_06_005,10,50,25,0.3,0.673401,6.86487,19.009294,0.125813,18.970182,1.721211
APC_1_view_2_fk_ref_01_005,2,10,1,0.3,0.814663,6.673863,14.042181,0.109624,21.376623,1.862662
APC_1_view_2_fk_ref_01_005,2,20,1,0.3,0.814663,6.673863,14.042181,0.109624,21.376623,1.862662
APC_1_view_2_fk_ref_01_005,2,30,25,0.3,0.709992,7.045655,18.763704,0.141134,19.920365,1.789903
APC_1_view_2_fk_ref_01_005,2,40,25,0.3,0.709992,7.045655,18.763704,0.141134,19.920365,1.789903
APC_1_view_2_fk_ref_01_005,2,50,1,0.3,0.814663,6.673863,14.042181,0.109624,21.376623,1.862662
APC_1_view_2_fk_ref_01_005,4,10,1,0.3,0.814663,6.673863,14.042181,0.109624,21.376623,1.862662
APC_1_view_2_fk_ref_01_005,4,20,1,0.3,0.814663,6.673863,14.042181,0.109624,21.376623,1.862662
APC_1_view_2_fk_ref_01_005,4,30,1,0.3,0.814663,6.673863,14.042181,0.109624,21.376623,1.862662
APC_1_view_2_fk_ref_01_005,4,40,25,0.3,0.709992,7.045655,18.763704,0.141134,19.920365,1.789903
APC_1_view_2_fk_ref_01_005,4,50,25,0.3,0.709992,7.045655,18.763704,0.141134,19.920365,1.789903
APC_1_view_2_fk_ref_01_005,6,10,1,0.3,0.814663,6.673863,14.042181,0.109624,21.376623,1.862662
APC_1_view_2_fk_ref_01_005,6,20,25,0.3,0.709992,7.045655,18.763704,0.141134,19.920365,1.789903
APC_1_view_2_fk_ref_01_005,6,30,1,0.3,0.814663,6.673863,14.042181,0.109624,21.376623,1.862662
APC_1_view_2_fk_ref_01_005,6,40,1,0.3,0.814663,6.673863,14.042181,0.109624,21.376623,1.862662
APC_1_view_2_fk_ref_01_005,6,50,1,0.3,0.814663,6.673863,14.042181,0.109624,21.376623,1.862662
APC_1_view_2_fk_ref_01_005,8,10,1,0.3,0.814663,6.673863,14.042181,0.109624,21.376623,1.862662
APC_1_view_2_fk_ref_01_005,8,20,1,0.3,0.814663,6.673863,14.042181,0.109624,21.376623,1.862662
APC_1_view_2_fk_ref_01_005,8,30,1,0.3,0.814663,6.673863,14.042181,0.109624,21.376623,1.862662
APC_1_view_2_fk_ref_01_005,8,40,1,0.3,0.814663,6.673863,14.042181,0.109624,21.376623,1.862662
APC_1_view_2_fk_ref_01_005,8,50,25,0.3,0.709992,7.045655,18.763704,0.141134,19.920365,1.789903
APC_1_view_2_fk_ref_01_005,10,10,1,0.3,0.814663,6.673863,14.042181,0.109624,21.376623,1.862662
APC_1_view_2_fk_ref_01_005,10,20,25,0.3,0.709992,7.045655,18.763704,0.141134,19.920365,1.789903
APC_1_view_2_fk_ref_01_005,10,30,1,0.3,0.814663,6.673863,14.042181,0.109624,21.376623,1.862662
APC_1_view_2_fk_ref_01_005,10,40,1,0.3,0.814663,6.673863,14.042181,0.109624,21.376623,1.862662
APC_1_view_2_fk_ref_01_005,10,50,1,0.3,0.814663,6.673863,14.042181,0.109624,21.376623,1.862662
APC_1_view_3_fk_ref_02_005,2,10,25,0.3,0.665696,7.295092,22.178588,0.170549,18.795663,1.765539
APC_1_view_3_fk_ref_02_005,2,20,1,0.3,0.772578,6.995213,16.537087,0.13805,20.246647,1.849446
APC_1_view_3_fk_ref_02_005,2,30,1,0.3,0.772578,6.995213,16.537087,0.13805,20.246647,1.849446
APC_1_view_3_fk_ref_02_005,2,40,24,0.3,0.667128,7.285462,22.158386,0.169654,18.826023,1.766071
APC_1_view_3_fk_ref_02_005,2,50,1,0.3,0.772578,6.995213,16.537087,0.13805,20.246647,1.849446
APC_1_view_3_fk_ref_02_005,4,10,1,0.3,0.772578,6.995213,16.537087,0.13805,20.246647,1.849446
APC_1_view_3_fk_ref_02_005,4,20,1,0.3,0.772578,6.995213,16.537087,0.13805,20.246647,1.849446
APC_1_view_3_fk_ref_02_005,4,30,1,0.3,0.772578,6.995213,16.537087,0.13805,20.246647,1.849446
APC_1_view_3_fk_ref_02_005,4,40,1,0.3,0.772578,6.995213,16.537087,0.13805,20.246647,1.849446
APC_1_view_3_fk_ref_02_005,4,50,2,0.3,0.748943,7.025284,18.60219,0.140787,20.098105,1.849446
APC_1_view_3_fk_ref_02_005,6,10,1,0.3,0.772578,6.995213,16.537087,0.13805,20.246647,1.849446
APC_1_view_3_fk_ref_02_005,6,20,1,0.3,0.772578,6.995213,16.537087,0.13805,20.246647,1.849446
APC_1_view_3_fk_ref_02_005,6,30,1,0.3,0.772578,6.995213,16.537087,0.13805,20.246647,1.849446
APC_1_view_3_fk_ref_02_005,6,40,1,0.3,0.772578,6.995213,16.537087,0.13805,20.246647,1.849446
APC_1_view_3_fk_ref_02_005,6,50,1,0.3,0.772578,6.995213,16.537087,0.13805,20.246647,1.849446
APC_1_view_3_fk_ref_02_005,8,10,1,0.3,0.772578,6.995213,16.537087,0.13805,20.246647,1.849446
APC_1_view_3_fk_ref_02_005,8,20,2,0.3,0.748943,7.025284,18.60219,0.140787,20.098105,1.849446
APC_1_view_3_fk_ref_02_005,8,30,1,0.3,0.772578,6.995213,16.537087,0.13805,20.246647,1.849446
APC_1_view_3_fk_ref_02_005,8,40,1,0.3,0.772578,6.995213,16.537087,0.13805,20.246647,1.849446
APC_1_view_3_fk_ref_02_005,8,50,1,0.3,0.772578,6.995213,16.537087,0.13805,20.246647,1.849446
APC_1_view_3_fk_ref_02_005,10,10,1,0.3,0.772578,6.995213,16.537087,0.13805,20.246647,1.849446
APC_1_view_3_fk_ref_02_005,10,20,1,0.3,0.772578,6.995213,16.537087,0.13805,20.246647,1.849446
APC_1_view_3_fk_ref_02_005,10,30,1,0.3,0.772578,6.995213,16.537087,0.13805,20.246647,1.849446
APC_1_view_3_fk_ref_02_005,10,40,1,0.3,0.772578,6.995213,16.537087,0.13805,20.246647,1.849446
APC_1_view_3_fk_ref_02_005,10,50,1,0.3,0.772578,6.995213,16.537087,0.13805,20.246647,1.849446
APC_3_view_1_fk_bar_06_005,2,10,1,1.5353,0.505472,6.833228,30.170916,0.113714,21.919783,1.578832
APC_3_view_1_fk_bar_06_005,2,20,2,0.3,0.810986,6.519594,15.450467,0.098598,23.857905,1.881469
APC_3_view_1_fk_bar_06_005,2,30,1,0.3,0.830031,6.484897,13.885112,0.095772,24.08256,1.881469
APC_3_view_1_fk_bar_06_005,2,40,1,1.3634,0.543991,6.786021,27.815633,0.11073,22.282199,1.615073
APC_3_view_1_fk_bar_06_005,2,50,15,0.3,0.741308,6.855042,18.227702,0.125323,21.810646,1.817051
APC_3_view_1_fk_bar_06_005,4,10,25,0.3,0.731685,6.941351,18.328458,0.132893,21.225682,1.811611
APC_3_view_1_fk_bar_06_005,4,20,1,0.3,0.830031,6.484897,13.885112,0.095772,24.08256,1.881469
APC_3_view_1_fk_bar_06_005,4,30,1,0.3,0.830031,6.484897,13.885112,0.095772,24.08256,1.881469
APC_3_view_1_fk_bar_06_005,4,40,1,0.3,0.830031,6.484897,13.885112,0.095772,24.08256,1.881469
APC_3_view_1_fk_bar_06_005,4,50,1,0.3,0.830031,6.484897,13.885112,0.095772,24.08256,1.881469
APC_3_view_1_fk_bar_06_005,6,10,1,0.3,0.830031,6.484897,13.885112,0.095772,24.08256,1.881469
APC_3_view_1_fk_bar_06_005,6,20,1,0.3,0.830031,6.484897,13.885112,0.095772,24.08256,1.881469
APC_3_view_1_fk_bar_06_005,6,30,2,0.3,0.810986,6.519594,15.450467,0.098598,23.857905,1.881469
APC_3_view_1_fk_bar_06_005,6,40,1,0.3,0.830031,6.484897,13.885112,0.095772,24.08256,1.881469
APC_3_view_1_fk_bar_06_005,6,50,2,0.3,0.810986,6.519594,15.450467,0.098598,23.857905,1.881469
APC_3_view_1_fk_bar_06_005,8,10,2,0.3,0.810986,6.519594,15.450467,0.098598,23.857905,1.881469
APC_3_view_1_fk_bar_06_005,8,20,1,0.3,0.830031,6.484897,13.885112,0.095772,24.08256,1.881469
APC_3_view_1_fk_bar_06_005,8,30,1,0.3,0.830031,6.484897,13.885112,0.095772,24.08256,1.881469
APC_3_view_1_fk_bar_06_005,8,40,1,0.3,0.830031,6.484897,13.885112,0.095772,24.08256,1.881469
APC_3_view_1_fk_bar_06_005,8,50,1,0.3,0.830031,6.484897,13.885112,0.095772,24.08256,1.881469
APC_3_view_1_fk_bar_06_005,10,10,1,0.3,0.830031,6.484897,13.885112,0.095772,24.08256,1.881469
APC_3_view_1_fk_bar_06_005,10,20,1,0.3,0.830031,6.484897,13.885112,0.095772,24.08256,1.881469
APC_3_view_1_fk_bar_06_005,10,30,1,0.3,0.830031,6.484897,13.885112,0.095772,24.08256,1.881469
APC_3_view_1_fk_bar_06_005,10,40,1,0.3,0.830031,6.484897,13.885112,0.095772,24.08256,1.881469
APC_3_view_1_fk_bar_06_005,10,50,1,0.3,0.830031,6.484897,13.885112,0.095772,24.08256,1.881469
APC_3_view_2_fk_NL_01_005,2,10,1,0.9476,0.653735,6.877314,19.093177,0.124704,20.029986,1.713709
APC_3_view_2_fk_NL_01_005,2,20,1,0.3,0.822492,6.695157,11.014258,0.119165,20.396367,1.86335
APC_3_view_2_fk_NL_01_005,2,30,1,0.3,0.822492,6.695157,11.014258,0.119165,20.396367,1.86335
APC_3_view_2_fk_NL_01_005,2,40,1,0.3,0.822492,6.695157,11.014258,0.119165,20.396367,1.86335
APC_3_view_2_fk_NL_01_005,2,50,1,0.4554,0.78857,6.738437,12.999758,0.120358,20.329472,1.834177
APC_3_view_2_fk_NL_01_005,4,10,1,0.3,0.822492,6.695157,11.014258,0.119165,20.396367,1.86335
APC_3_view_2_fk_NL_01_005,4,20,1,0.3,0.822492,6.695157,11.014258,0.119165,20.396367,1.86335
APC_3_view_2_fk_NL_01_005,4,30,1,0.3,0.822492,6.695157,11.014258,0.119165,20.396367,1.86335
APC_3_view_2_fk_NL_01_005,4,40,1,0.3,0.822492,6.695157,11.014258,0.119165,20.396367,1.86335
APC_3_view_2_fk_NL_01_005,4,50,1,0.3,0.822492,6.695157,11.014258,0.119165,20.396367,1.86335
APC_3_view_2_fk_NL_01_005,6,10,1,0.3,0.822492,6.695157,11.014258,0.119165,20.396367,1.86335
APC_3_view_2_fk_NL_01_005,6,20,1,0.3,0.822492,6.695157,11.014258,0.119165,20.396367,1.86335
APC_3_view_2_fk_NL_01_005,6,30,1,0.3,0.822492,6.695157,11.014258,0.119165,20.396367,1.86335
APC_3_view_2_fk_NL_01_005,6,40,1,0.3,0.822492,6.695157,11.014258,0.119165,20.396367,1.86335
APC_3_view_2_fk_NL_01_005,6,50,1,0.3,0.822492,6.695157,11.014258,0.119165,20.396367,1.86335
APC_3_view_2_fk_NL_01_005,8,10,21,0.3,0.732829,6.911877,14.182471,0.137485,19.572855,1.79286
APC_3_view_2_fk_NL_01_005,8,20,1,0.3,0.822492,6.695157,11.014258,0.119165,20.396367,1.86335
APC_3_view_2_fk_NL_01_005,8,30,1,0.3,0.822492,6.695157,11.014258,0.119165,20.396367,1.86335
APC_3_view_2_fk_NL_01_005,8,40,1,0.3,0.822492,6.695157,11.014258,0.119165,20.396367,1.86335
APC_3_view_2_fk_NL_01_005,8,50,1,0.3,0.822492,6.695157,11.014258,0.119165,20.396367,1.86335
APC_3_view_2_fk_NL_01_005,10,10,2,0.3,0.803475,6.725273,12.107688,0.1205,20.342794,1.86335
APC_3_view_2_fk_NL_01_005,10,20,25,0.3,0.73046,6.930555,14.190984,0.138819,19.496561,1.791885
APC_3_view_2_fk_NL_01_005,10,30,1,0.3,0.822492,6.695157,11.014258,0.119165,20.396367,1.86335
APC_3_view_2_fk_NL_01_005,10,40,1,0.3,0.822492,6.695157,11.014258,0.119165,20.396367,1.86335
APC_3_view_2_fk_NL_01_005,10,50,1,0.3,0.822492,6.695157,11.014258,0.119165,20.396367,1.86335
APC_3_view_3_fk_NL_05_005,2,10,1,0.3,0.798607,6.859984,9.389475,0.122648,18.622935,1.842335
APC_3_view_3_fk_NL_05_005,2,20,4,0.3775,0.720601,6.961096,13.165601,0.129941,18.415777,1.790405
APC_3_view_3_fk_NL_05_005,2,30,10,0.3,0.722872,6.999508,12.558507,0.136474,18.263212,1.782476
APC_3_view_3_fk_NL_05_005,2,40,2,0.3,0.782687,6.883304,10.574649,0.124139,18.586155,1.842335
APC_3_view_3_fk_NL_05_005,2,50,1,0.3,0.798607,6.859984,9.389475,0.122648,18.622935,1.842335
APC_3_view_3_fk_NL_05_005,4,10,1,0.3,0.798607,6.859984,9.389475,0.122648,18.622935,1.842335
APC_3_view_3_fk_NL_05_005,4,20,1,0.3,0.798607,6.859984,9.389475,0.122648,18.622935,1.842335
APC_3_view_3_fk_NL_05_005,4,30,1,0.3,0.798607,6.859984,9.389475,0.122648,18.622935,1.842335
APC_3_view_3_fk_NL_05_005,4,40,1,0.3,0.798607,6.859984,9.389475,0.122648,18.622935,1.842335
APC_3_view_3_fk_NL_05_005,4,50,1,0.3,0.798607,6.859984,9.389475,0.122648,18.622935,1.842335
APC_3_view_3_fk_NL_05_005,6,10,2,0.3,0.782687,6.883304,10.574649,0.124139,18.586155,1.842335
APC_3_view_3_fk_NL_05_005,6,20,1,0.3,0.798607,6.859984,9.389475,0.122648,18.622935,1.842335
APC_3_view_3_fk_NL_05_005,6,30,2,0.3,0.782687,6.883304,10.574649,0.124139,18.586155,1.842335
APC_3_view_3_fk_NL_05_005,6,40,1,0.3,0.798607,6.859984,9.389475,0.122648,18.622935,1.842335
APC_3_view_3_fk_NL_05_005,6,50,1,0.3,0.798607,6.859984,9.389475,0.122648,18.622935,1.842335
APC_3_view_3_fk_NL_05_005,8,10,1,0.3,0.798607,6.859984,9.389475,0.122648,18.622935,1.842335
APC_3_view_3_fk_NL_05_005,8,20,1,0.3,0.798607,6.859984,9.389475,0.122648,18.622935,1.842335
APC_3_view_3_fk_NL_05_005,8,30,1,0.3,0.798607,6.859984,9.389475,0.122648,18.622935,1.842335
APC_3_view_3_fk_NL_05_005,8,40,1,0.3,0.798607,6.859984,9.389475,0.122648,18.622935,1.842335
APC_3_view_3_fk_NL_05_005,8,50,1,0.3,0.798607,6.859984,9.389475,0.122648,18.622935,1.842335
APC_3_view_3_fk_NL_05_005,10,10,1,0.3,0.798607,6.859984,9.389475,0.122648,18.622935,1.842335
APC_3_view_3_fk_NL_05_005,10,20,1,0.3,0.798607,6.859984,9.389475,0.122648,18.622935,1.842335
APC_3_view_3_fk_NL_05_005,10,30,1,0.3,0.798607,6.859984,9.389475,0.122648,18.622935,1.842335
APC_3_view_3_fk_NL_05_005,10,40,1,0.3,0.798607,6.859984,9.389475,0.122648,18.622935,1.842335
APC_3_view_3_fk_NL_05_005,10,50,1,0.3,0.798607,6.859984,9.389475,0.122648,18.622935,1.842335
Athena_2_men_in_front_of_house_meting003,2,10,1,1.0443,0.629748,6.613271,17.488366,0.101451,15.691861,1.613329
Athena_2_men_in_front_of_house_meting003,2,20,1,0.3,0.749525,6.483254,9.849314,0.094235,15.845783,1.71839
Athena_2_men_in_front_of_house_meting003,2,30,1,1.008,0.636416,6.606205,17.100399,0.10103,15.702492,1.619224
Athena_2_men_in_front_of_house_meting003,2,40,25,0.3,0.666378,7.067177,15.654343,0.14373,15.169368,1.701469
Athena_2_men_in_front_of_house_meting003,2,50,25,0.3,0.666378,7.067177,15.654343,0.14373,15.169368,1.701469
Athena_2_men_in_front_of_house_meting003,4,10,25,0.3,0.666378,7.067177,15.654343,0.14373,15.169368,1.701469
Athena_2_men_in_front_of_house_meting003,4,20,1,0.3,0.749525,6.483254,9.849314,0.094235,15.845783,1.71839
Athena_2_men_in_front_of_house_meting003,4,30,25,0.3,0.666378,7.067177,15.654343,0.14373,15.169368,1.701469
Athena_2_men_in_front_of_house_meting003,4,40,1,0.3,0.749525,6.483254,9.849314,0.094235,15.845783,1.71839
Athena_2_men_in_front_of_house_meting003,4,50,1,0.3,0.749525,6.483254,9.849314,0.094235,15.845783,1.71839
Athena_2_men_in_front_of_house_meting003,6,10,25,0.3,0.666378,7.067177,15.654343,0.14373,15.169368,1.701469
Athena_2_men_in_front_of_house_meting003,6,20,1,0.3,0.749525,6.483254,9.849314,0.094235,15.845783,1.71839
Athena_2_men_in_front_of_house_meting003,6,30,25,0.3,0.666378,7.067177,15.654343,0.14373,15.169368,1.701469
Athena_2_men_in_front_of_house_meting003,6,40,1,0.3,0.749525,6.483254,9.849314,0.094235,15.845783,1.71839
Athena_2_men_in_front_of_house_meting003,6,50,25,0.3,0.666378,7.067177,15.654343,0.14373,15.169368,1.701469
Athena_2_men_in_front_of_house_meting003,8,10,2,0.3,0.732834,6.538139,11.807841,0.098934,15.794618,1.71839
Athena_2_men_in_front_of_house_meting003,8,20,25,0.3,0.666378,7.067177,15.654343,0.14373,15.169368,1.701469
Athena_2_men_in_front_of_house_meting003,8,30,1,0.3,0.749525,6.483254,9.849314,0.094235,15.845783,1.71839
Athena_2_men_in_front_of_house_meting003,8,40,25,0.3,0.666378,7.067177,15.654343,0.14373,15.169368,1.701469
Athena_2_men_in_front_of_house_meting003,8,50,25,0.3,0.666378,7.067177,15.654343,0.14373,15.169368,1.701469
Athena_2_men_in_front_of_house_meting003,10,10,25,0.3,0.666378,7.067177,15.654343,0.14373,15.169368,1.701469
Athena_2_men_in_front_of_house_meting003,10,20,25,0.3,0.666378,7.067177,15.654343,0.14373,15.169368,1.701469
Athena_2_men_in_front_of_house_meting003,10,30,25,0.3,0.666378,7.067177,15.654343,0.14373,15.169368,1.701469
Athena_2_men_in_front_of_house_meting003,10,40,25,0.3,0.666378,7.067177,15.654343,0.14373,15.169368,1.701469
Athena_2_men_in_front_of_house_meting003,10,50,25,0.3,0.666378,7.067177,15.654343,0.14373,15.169368,1.701469
Athena_APC_4_fennek01_005,2,10,25,0.3,0.694497,6.355955,13.343127,0.079941,21.653528,1.705527
Athena_APC_4_fennek01_005,2,20,23,0.3,0.695351,6.341951,13.33683,0.079265,21.689084,1.704986
Athena_APC_4_fennek01_005,2,30,25,0.3,0.694497,6.355955,13.343127,0.079941,21.653528,1.705527
Athena_APC_4_fennek01_005,2,40,25,0.3,0.694497,6.355955,13.343127,0.079941,21.653528,1.705527
Athena_APC_4_fennek01_005,2,50,1,0.3,0.780284,5.567366,9.692819,0.045981,22.945782,1.705663
Athena_APC_4_fennek01_005,4,10,25,0.3,0.694497,6.355955,13.343127,0.079941,21.653528,1.705527
Athena_APC_4_fennek01_005,4,20,25,0.3,0.694497,6.355955,13.343127,0.079941,21.653528,1.705527
Athena_APC_4_fennek01_005,4,30,25,0.3,0.694497,6.355955,13.343127,0.079941,21.653528,1.705527
Athena_APC_4_fennek01_005,4,40,1,0.3,0.780284,5.567366,9.692819,0.045981,22.945782,1.705663
Athena_APC_4_fennek01_005,4,50,1,0.3,0.780284,5.567366,9.692819,0.045981,22.945782,1.705663
Athena_APC_4_fennek01_005,6,10,25,0.3,0.694497,6.355955,13.343127,0.079941,21.653528,1.705527
Athena_APC_4_fennek01_005,6,20,1,0.3,0.780284,5.567366,9.692819,0.045981,22.945782,1.705663
Athena_APC_4_fennek01_005,6,30,1,0.3,0.780284,5.567366,9.692819,0.045981,22.945782,1.705663
Athena_APC_4_fennek01_005,6,40,25,0.3,0.694497,6.355955,13.343127,0.079941,21.653528,1.705527
Athena_APC_4_fennek01_005,6,50,1,0.3,0.780284,5.567366,9.692819,0.045981,22.945782,1.705663
Athena_APC_4_fennek01_005,8,10,2,0.3,0.763946,5.662147,10.873327,0.049348,22.853367,1.705663
Athena_APC_4_fennek01_005,8,20,25,0.3,0.694497,6.355955,13.343127,0.079941,21.653528,1.705527
Athena_APC_4_fennek01_005,8,30,1,0.3,0.780284,5.567366,9.692819,0.045981,22.945782,1.705663
Athena_APC_4_fennek01_005,8,40,2,0.3,0.763946,5.662147,10.873327,0.049348,22.853367,1.705663
Athena_APC_4_fennek01_005,8,50,25,0.3,0.694497,6.355955,13.343127,0.079941,21.653528,1.705527
Athena_APC_4_fennek01_005,10,10,1,0.3,0.780284,5.567366,9.692819,0.045981,22.945782,1.705663
Athena_APC_4_fennek01_005,10,20,1,0.3,0.780284,5.567366,9.692819,0.045981,22.945782,1.705663
Athena_APC_4_fennek01_005,10,30,25,0.3,0.694497,6.355955,13.343127,0.079941,21.653528,1.705527
Athena_APC_4_fennek01_005,10,40,1,0.3,0.780284,5.567366,9.692819,0.045981,22.945782,1.705663
Athena_APC_4_fennek01_005,10,50,25,0.3,0.694497,6.355955,13.343127,0.079941,21.653528,1.705527
Athena_heather_IR_hei_vis_g,2,10,1,0.3,0.996548,7.098178,6.214167,0.197338,49.943398,2.383254
Athena_heather_IR_hei_vis_g,2,20,1,0.3,0.996548,7.098178,6.214167,0.197338,49.943398,2.383254
Athena_heather_IR_hei_vis_g,2,30,1,0.3,0.996548,7.098178,6.214167,0.197338,49.943398,2.383254
Athena_heather_IR_hei_vis_g,2,40,9,0.3,0.922118,7.132321,9.193863,0.210125,29.689385,2.122858
Athena_heather_IR_hei_vis_g,2,50,25,0.3,0.856528,7.046189,10.402114,0.230816,24.053881,1.97784
Athena_heather_IR_hei_vis_g,4,10,1,0.3,0.996548,7.098178,6.214167,0.197338,49.943398,2.383254
Athena_heather_IR_hei_vis_g,4,20,1,0.3,0.996548,7.098178,6.214167,0.197338,49.943398,2.383254
Athena_heather_IR_hei_vis_g,4,30,1,0.3,0.996548,7.098178,6.214167,0.197338,49.943398,2.383254
Athena_heather_IR_hei_vis_g,4,40,2,0.3,0.987791,7.108433,6.780389,0.197884,43.587017,2.383254
Athena_heather_IR_hei_vis_g,4,50,1,0.3,0.996548,7.098178,6.214167,0.197338,49.943398,2.383254
Athena_heather_IR_hei_vis_g,6,10,1,0.3,0.996548,7.098178,6.214167,0.197338,49.943398,2.383254
Athena_heather_IR_hei_vis_g,6,20,1,0.3,0.996548,7.098178,6.214167,0.197338,49.943398,2.383254
Athena_heather_IR_hei_vis_g,6,30,1,0.3,0.996548,7.098178,6.214167,0.197338,49.943398,2.383254
Athena_heather_IR_hei_vis_g,6,40,2,0.3,0.987791,7.108433,6.780389,0.197884,43.587017,2.383254
Athena_heather_IR_hei_vis_g,6,50,1,0.3,0.996548,7.098178,6.214167,0.197338,49.943398,2.383254
Athena_heather_IR_hei_vis_g,8,10,1,0.3,0.996548,7.098178,6.214167,0.197338,49.943398,2.383254
Athena_heather_IR_hei_vis_g,8,20,1,0.3,0.996548,7.098178,6.214167,0.197338,49.943398,2.383254
Athena_heather_IR_hei_vis_g,8,30,1,0.3,0.996548,7.098178,6.214167,0.197338,49.943398,2.383254
Athena_heather_IR_hei_vis_g,8,40,1,0.3,0.996548,7.098178,6.214167,0.197338,49.943398,2.383254
Athena_heather_IR_hei_vis_g,8,50,1,0.3,0.996548,7.098178,6.214167,0.197338,49.943398,2.383254
Athena_heather_IR_hei_vis_g,10,10,1,0.3,0.996548,7.098178,6.214167,0.197338,49.943398,2.383254
Athena_heather_IR_hei_vis_g,10,20,1,0.3,0.996548,7.098178,6.214167,0.197338,49.943398,2.383254
Athena_heather_IR_hei_vis_g,10,30,1,0.3,0.996548,7.098178,6.214167,0.197338,49.943398,2.383254
Athena_heather_IR_hei_vis_g,10,40,1,0.3,0.996548,7.098178,6.214167,0.197338,49.943398,2.383254
Athena_heather_IR_hei_vis_g,10,50,1,0.3,0.996548,7.098178,6.214167,0.197338,49.943398,2.383254
Athena_heather_hei_vis,2,10,1,0.3,0.698661,6.729061,12.098656,0.10715,16.093714,1.700731
Athena_heather_hei_vis,2,20,5,0.388,0.600133,6.907554,18.171647,0.121571,15.842302,1.628197
Athena_heather_hei_vis,2,30,1,0.3,0.698661,6.729061,12.098656,0.10715,16.093714,1.700731
Athena_heather_hei_vis,2,40,1,0.3,0.698661,6.729061,12.098656,0.10715,16.093714,1.700731
Athena_heather_hei_vis,2,50,1,0.3,0.698661,6.729061,12.098656,0.10715,16.093714,1.700731
Athena_heather_hei_vis,4,10,1,0.3,0.698661,6.729061,12.098656,0.10715,16.093714,1.700731
Athena_heather_hei_vis,4,20,1,0.3,0.698661,6.729061,12.098656,0.10715,16.093714,1.700731
Athena_heather_hei_vis,4,30,1,0.3,0.698661,6.729061,12.098656,0.10715,16.093714,1.700731
Athena_heather_hei_vis,4,40,25,0.3,0.614821,7.13527,16.450108,0.144019,15.481118,1.661541
Athena_heather_hei_vis,4,50,1,0.3,0.698661,6.729061,12.098656,0.10715,16.093714,1.700731
Athena_heather_hei_vis,6,10,1,0.3,0.698661,6.729061,12.098656,0.10715,16.093714,1.700731
Athena_heather_hei_vis,6,20,2,0.3,0.676348,6.780883,14.06933,0.110971,16.041479,1.700731
Athena_heather_hei_vis,6,30,1,0.3,0.698661,6.729061,12.098656,0.10715,16.093714,1.700731
Athena_heather_hei_vis,6,40,25,0.3,0.614821,7.13527,16.450108,0.144019,15.481118,1.661541
Athena_heather_hei_vis,6,50,1,0.3,0.698661,6.729061,12.098656,0.10715,16.093714,1.700731
Athena_heather_hei_vis,8,10,1,0.3,0.698661,6.729061,12.098656,0.10715,16.093714,1.700731
Athena_heather_hei_vis,8,20,1,0.3,0.698661,6.729061,12.098656,0.10715,16.093714,1.700731
Athena_heather_hei_vis,8,30,25,0.3,0.614821,7.13527,16.450108,0.144019,15.481118,1.661541
Athena_heather_hei_vis,8,40,1,0.3,0.698661,6.729061,12.098656,0.10715,16.093714,1.700731
Athena_heather_hei_vis,8,50,1,0.3,0.698661,6.729061,12.098656,0.10715,16.093714,1.700731
Athena_heather_hei_vis,10,10,25,0.3,0.614821,7.13527,16.450108,0.144019,15.481118,1.661541
Athena_heather_hei_vis,10,20,25,0.3,0.614821,7.13527,16.450108,0.144019,15.481118,1.661541
Athena_heather_hei_vis,10,30,1,0.3,0.698661,6.729061,12.098656,0.10715,16.093714,1.700731
Athena_heather_hei_vis,10,40,1,0.3,0.698661,6.729061,12.098656,0.10715,16.093714,1.700731
Athena_heather_hei_vis,10,50,25,0.3,0.614821,7.13527,16.450108,0.144019,15.481118,1.661541
Athena_helicopter_helib_011,2,10,1,0.3,0.838334,5.02694,5.360686,0.039436,18.539149,1.652093
Athena_helicopter_helib_011,2,20,2,0.3,0.822785,5.100644,6.063616,0.040515,18.528606,1.652093
Athena_helicopter_helib_011,2,30,1,0.3,0.838334,5.02694,5.360686,0.039436,18.539149,1.652093
Athena_helicopter_helib_011,2,40,25,0.3,0.764565,5.510128,7.913039,0.058162,18.334096,1.636672
Athena_helicopter_helib_011,2,50,2,0.3,0.822785,5.100644,6.063616,0.040515,18.528606,1.652093
Athena_helicopter_helib_011,4,10,1,0.3,0.838334,5.02694,5.360686,0.039436,18.539149,1.652093
Athena_helicopter_helib_011,4,20,1,0.3,0.838334,5.02694,5.360686,0.039436,18.539149,1.652093
Athena_helicopter_helib_011,4,30,25,0.3,0.764565,5.510128,7.913039,0.058162,18.334096,1.636672
Athena_helicopter_helib_011,4,40,1,0.3,0.838334,5.02694,5.360686,0.039436,18.539149,1.652093
Athena_helicopter_helib_011,4,50,1,0.3,0.838334,5.02694,5.360686,0.039436,18.539149,1.652093
Athena_helicopter_helib_011,6,10,25,0.3,0.764565,5.510128,7.913039,0.058162,18.334096,1.636672
Athena_helicopter_helib_011,6,20,1,0.3,0.838334,5.02694,5.360686,0.039436,18.539149,1.652093
Athena_helicopter_helib_011,6,30,1,0.3,0.838334,5.02694,5.360686,0.039436,18.539149,1.652093
Athena_helicopter_helib_011,6,40,1,0.3,0.838334,5.02694,5.360686,0.039436,18.539149,1.652093
Athena_helicopter_helib_011,6,50,25,0.3,0.764565,5.510128,7.913039,0.058162,18.334096,1.636672
Athena_helicopter_helib_011,8,10,1,0.3,0.838334,5.02694,5.360686,0.039436,18.539149,1.652093
Athena_helicopter_helib_011,8,20,1,0.3,0.838334,5.02694,5.360686,0.039436,18.539149,1.652093
Athena_helicopter_helib_011,8,30,25,0.3,0.764565,5.510128,7.913039,0.058162,18.334096,1.636672
Athena_helicopter_helib_011,8,40,1,0.3,0.838334,5.02694,5.360686,0.039436,18.539149,1.652093
Athena_helicopter_helib_011,8,50,25,0.3,0.764565,5.510128,7.913039,0.058162,18.334096,1.636672
Athena_helicopter_helib_011,10,10,25,0.3,0.764565,5.510128,7.913039,0.058162,18.334096,1.636672
Athena_helicopter_helib_011,10,20,1,0.3,0.838334,5.02694,5.360686,0.039436,18.539149,1.652093
Athena_helicopter_helib_011,10,30,25,0.3,0.764565,5.510128,7.913039,0.058162,18.334096,1.636672
Athena_helicopter_helib_011,10,40,1,0.3,0.838334,5.02694,5.360686,0.039436,18.539149,1.652093
Athena_helicopter_helib_011,10,50,1,0.3,0.838334,5.02694,5.360686,0.039436,18.539149,1.652093
Athena_lake_lake,2,10,13,0.3,0.667948,6.824581,14.249604,0.119845,16.580384,1.687795
Athena_lake_lake,2,20,6,1.4125,0.328421,7.322466,35.664758,0.170095,14.701027,1.395593
Athena_lake_lake,2,30,11,0.3,0.672091,6.800424,14.122565,0.117897,16.625923,1.689626
Athena_lake_lake,2,40,1,1.6934,0.490037,6.811443,25.43587,0.114624,16.470806,1.506179
Athena_lake_lake,2,50,25,0.3,0.653215,6.928924,14.595006,0.129427,16.350303,1.682834
Athena_lake_lake,4,10,1,0.3,0.758101,6.58397,9.791927,0.097902,16.969079,1.750788
Athena_lake_lake,4,20,1,0.3,0.758101,6.58397,9.791927,0.097902,16.969079,1.750788
Athena_lake_lake,4,30,1,0.3,0.758101,6.58397,9.791927,0.097902,16.969079,1.750788
Athena_lake_lake,4,40,1,0.3,0.758101,6.58397,9.791927,0.097902,16.969079,1.750788
Athena_lake_lake,4,50,1,0.3,0.758101,6.58397,9.791927,0.097902,16.969079,1.750788
Athena_lake_lake,6,10,1,0.3,0.758101,6.58397,9.791927,0.097902,16.969079,1.750788
Athena_lake_lake,6,20,1,0.3,0.758101,6.58397,9.791927,0.097902,16.969079,1.750788
Athena_lake_lake,6,30,1,0.3,0.758101,6.58397,9.791927,0.097902,16.969079,1.750788
Athena_lake_lake,6,40,2,0.3,0.738182,6.607195,11.753824,0.10279,16.900901,1.750788
Athena_lake_lake,6,50,1,0.3,0.758101,6.58397,9.791927,0.097902,16.969079,1.750788
Athena_lake_lake,8,10,1,0.3,0.758101,6.58397,9.791927,0.097902,16.969079,1.750788
Athena_lake_lake,8,20,1,0.3,0.758101,6.58397,9.791927,0.097902,16.969079,1.750788
Athena_lake_lake,8,30,2,0.3,0.738182,6.607195,11.753824,0.10279,16.900901,1.750788
Athena_lake_lake,8,40,1,0.3,0.758101,6.58397,9.791927,0.097902,16.969079,1.750788
Athena_lake_lake,8,50,1,0.3,0.758101,6.58397,9.791927,0.097902,16.969079,1.750788
Athena_lake_lake,10,10,1,0.3,0.758101,6.58397,9.791927,0.097902,16.969079,1.750788
Athena_lake_lake,10,20,1,0.3,0.758101,6.58397,9.791927,0.097902,16.969079,1.750788
Athena_lake_lake,10,30,1,0.3,0.758101,6.58397,9.791927,0.097902,16.969079,1.750788
Athena_lake_lake,10,40,1,0.3,0.758101,6.58397,9.791927,0.097902,16.969079,1.750788
Athena_lake_lake,10,50,1,0.3,0.758101,6.58397,9.791927,0.097902,16.969079,1.750788
Athena_man_in_doorway_maninhuis,2,10,1,0.3,0.7023,6.798957,11.929629,0.108895,15.506152,1.707231
Athena_man_in_doorway_maninhuis,2,20,1,0.3,0.7023,6.798957,11.929629,0.108895,15.506152,1.707231
Athena_man_in_doorway_maninhuis,2,30,1,0.3,0.7023,6.798957,11.929629,0.108895,15.506152,1.707231
Athena_man_in_doorway_maninhuis,2,40,25,0.3,0.614993,7.400911,18.923244,0.17166,14.565457,1.685762
Athena_man_in_doorway_maninhuis,2,50,25,0.3,0.614993,7.400911,18.923244,0.17166,14.565457,1.685762
Athena_man_in_doorway_maninhuis,4,10,25,0.3,0.614993,7.400911,18.923244,0.17166,14.565457,1.685762
Athena_man_in_doorway_maninhuis,4,20,25,0.3,0.614993,7.400911,18.923244,0.17166,14.565457,1.685762
Athena_man_in_doorway_maninhuis,4,30,25,0.3,0.614993,7.400911,18.923244,0.17166,14.565457,1.685762
Athena_man_in_doorway_maninhuis,4,40,25,0.3,0.614993,7.400911,18.923244,0.17166,14.565457,1.685762
Athena_man_in_doorway_maninhuis,4,50,25,0.3,0.614993,7.400911,18.923244,0.17166,14.565457,1.685762
Athena_man_in_doorway_maninhuis,6,10,1,0.3,0.7023,6.798957,11.929629,0.108895,15.506152,1.707231
Athena_man_in_doorway_maninhuis,6,20,25,0.3,0.614993,7.400911,18.923244,0.17166,14.565457,1.685762
Athena_man_in_doorway_maninhuis,6,30,25,0.3,0.614993,7.400911,18.923244,0.17166,14.565457,1.685762
Athena_man_in_doorway_maninhuis,6,40,25,0.3,0.614993,7.400911,18.923244,0.17166,14.565457,1.685762
Athena_man_in_doorway_maninhuis,6,50,1,0.3,0.7023,6.798957,11.929629,0.108895,15.506152,1.707231
Athena_man_in_doorway_maninhuis,8,10,25,0.3,0.614993,7.400911,18.923244,0.17166,14.565457,1.685762
Athena_man_in_doorway_maninhuis,8,20,25,0.3,0.614993,7.400911,18.923244,0.17166,14.565457,1.685762
Athena_man_in_doorway_maninhuis,8,30,1,0.3,0.7023,6.798957,11.929629,0.108895,15.506152,1.707231
Athena_man_in_doorway_maninhuis,8,40,25,0.3,0.614993,7.400911,18.923244,0.17166,14.565457,1.685762
Athena_man_in_doorway_maninhuis,8,50,25,0.3,0.614993,7.400911,18.923244,0.17166,14.565457,1.685762
Athena_man_in_doorway_maninhuis,10,10,1,0.3,0.7023,6.798957,11.929629,0.108895,15.506152,1.707231
Athena_man_in_doorway_maninhuis,10,20,25,0.3,0.614993,7.400911,18.923244,0.17166,14.565457,1.685762
Athena_man_in_doorway_maninhuis,10,30,1,0.3,0.7023,6.798957,11.929629,0.108895,15.506152,1.707231
Athena_man_in_doorway_maninhuis,10,40,1,0.3,0.7023,6.798957,11.929629,0.108895,15.506152,1.707231
Athena_man_in_doorway_maninhuis,10,50,25,0.3,0.614993,7.400911,18.923244,0.17166,14.565457,1.685762
Athena_soldier_behind_smoke_1_meting012-1200,2,10,25,0.3,0.583524,7.407545,17.185171,0.175392,13.180211,1.641269
Athena_soldier_behind_smoke_1_meting012-1200,2,20,20,0.3,0.589682,7.360028,17.034841,0.169994,13.249119,1.642503
Athena_soldier_behind_smoke_1_meting012-1200,2,30,1,0.3,0.683759,6.967426,11.591885,0.136832,13.633462,1.691022
Athena_soldier_behind_smoke_1_meting012-1200,2,40,25,0.3,0.583524,7.407545,17.185171,0.175392,13.180211,1.641269
Athena_soldier_behind_smoke_1_meting012-1200,2,50,2,0.3,0.666952,7.009203,13.592029,0.140445,13.600761,1.691022
Athena_soldier_behind_smoke_1_meting012-1200,4,10,1,0.3,0.683759,6.967426,11.591885,0.136832,13.633462,1.691022
Athena_soldier_behind_smoke_1_meting012-1200,4,20,1,0.3,0.683759,6.967426,11.591885,0.136832,13.633462,1.691022
Athena_soldier_behind_smoke_1_meting012-1200,4,30,1,0.3,0.683759,6.967426,11.591885,0.136832,13.633462,1.691022
Athena_soldier_behind_smoke_1_meting012-1200,4,40,1,0.3,0.683759,6.967426,11.591885,0.136832,13.633462,1.691022
Athena_soldier_behind_smoke_1_meting012-1200,4,50,1,0.3,0.683759,6.967426,11.591885,0.136832,13.633462,1.691022
Athena_soldier_behind_smoke_1_meting012-1200,6,10,1,0.3,0.683759,6.967426,11.591885,0.136832,13.633462,1.691022
Athena_soldier_behind_smoke_1_meting012-1200,6,20,1,0.3,0.683759,6.967426,11.591885,0.136832,13.633462,1.691022
Athena_soldier_behind_smoke_1_meting012-1200,6,30,1,0.3,0.683759,6.967426,11.591885,0.136832,13.633462,1.691022
Athena_soldier_behind_smoke_1_meting012-1200,6,40,1,0.3,0.683759,6.967426,11.591885,0.136832,13.633462,1.691022
Athena_soldier_behind_smoke_1_meting012-1200,6,50,1,0.3,0.683759,6.967426,11.591885,0.136832,13.633462,1.691022
Athena_soldier_behind_smoke_1_meting012-1200,8,10,1,0.3,0.683759,6.967426,11.591885,0.136832,13.633462,1.691022
Athena_soldier_behind_smoke_1_meting012-1200,8,20,1,0.3,0.683759,6.967426,11.591885,0.136832,13.633462,1.691022
Athena_soldier_behind_smoke_1_meting012-1200,8,30,1,0.3,0.683759,6.967426,11.591885,0.136832,13.633462,1.691022
Athena_soldier_behind_smoke_1_meting012-1200,8,40,20,0.3,0.589682,7.360028,17.034841,0.169994,13.249119,1.642503
Athena_soldier_behind_smoke_1_meting012-1200,8,50,1,0.3,0.683759,6.967426,11.591885,0.136832,13.633462,1.691022
Athena_soldier_behind_smoke_1_meting012-1200,10,10,1,0.3,0.683759,6.967426,11.591885,0.136832,13.633462,1.691022
Athena_soldier_behind_smoke_1_meting012-1200,10,20,1,0.3,0.683759,6.967426,11.591885,0.136832,13.633462,1.691022
Athena_soldier_behind_smoke_1_meting012-1200,10,30,1,0.3,0.683759,6.967426,11.591885,0.136832,13.633462,1.691022
Athena_soldier_behind_smoke_1_meting012-1200,10,40,1,0.3,0.683759,6.967426,11.591885,0.136832,13.633462,1.691022
Athena_soldier_behind_smoke_1_meting012-1200,10,50,1,0.3,0.683759,6.967426,11.591885,0.136832,13.633462,1.691022
Athena_soldier_behind_smoke_2_meting012-1500,2,10,1,0.835,0.57487,7.001583,21.166804,0.137313,11.182071,1.561882
Athena_soldier_behind_smoke_2_meting012-1500,2,20,25,0.3,0.604303,7.224166,15.283938,0.157211,11.120068,1.618525
Athena_soldier_behind_smoke_2_meting012-1500,2,30,1,0.3,0.684989,6.925157,11.928263,0.131752,11.243195,1.663065
Athena_soldier_behind_smoke_2_meting012-1500,2,40,1,0.3,0.684989,6.925157,11.928263,0.131752,11.243195,1.663065
Athena_soldier_behind_smoke_2_meting012-1500,2,50,25,0.3,0.604303,7.224166,15.283938,0.157211,11.120068,1.618525
Athena_soldier_behind_smoke_2_meting012-1500,4,10,25,0.3,0.604303,7.224166,15.283938,0.157211,11.120068,1.618525
Athena_soldier_behind_smoke_2_meting012-1500,4,20,1,0.3,0.684989,6.925157,11.928263,0.131752,11.243195,1.663065
Athena_soldier_behind_smoke_2_meting012-1500,4,30,1,0.3,0.684989,6.925157,11.928263,0.131752,11.243195,1.663065
Athena_soldier_behind_smoke_2_meting012-1500,4,40,1,0.3,0.684989,6.925157,11.928263,0.131752,11.243195,1.663065
Athena_soldier_behind_smoke_2_meting012-1500,4,50,25,0.3,0.604303,7.224166,15.283938,0.157211,11.120068,1.618525
Athena_soldier_behind_smoke_2_meting012-1500,6,10,1,0.3,0.684989,6.925157,11.928263,0.131752,11.243195,1.663065
Athena_soldier_behind_smoke_2_meting012-1500,6,20,1,0.3,0.684989,6.925157,11.928263,0.131752,11.243195,1.663065
Athena_soldier_behind_smoke_2_meting012-1500,6,30,25,0.3,0.604303,7.224166,15.283938,0.157211,11.120068,1.618525
Athena_soldier_behind_smoke_2_meting012-1500,6,40,25,0.3,0.604303,7.224166,15.283938,0.157211,11.120068,1.618525
Athena_soldier_behind_smoke_2_meting012-1500,6,50,1,0.3,0.684989,6.925157,11.928263,0.131752,11.243195,1.663065
Athena_soldier_behind_smoke_2_meting012-1500,8,10,1,0.3,0.684989,6.925157,11.928263,0.131752,11.243195,1.663065
Athena_soldier_behind_smoke_2_meting012-1500,8,20,25,0.3,0.604303,7.224166,15.283938,0.157211,11.120068,1.618525
Athena_soldier_behind_smoke_2_meting012-1500,8,30,1,0.3,0.684989,6.925157,11.928263,0.131752,11.243195,1.663065
Athena_soldier_behind_smoke_2_meting012-1500,8,40,1,0.3,0.684989,6.925157,11.928263,0.131752,11.243195,1.663065
Athena_soldier_behind_smoke_2_meting012-1500,8,50,25,0.3,0.604303,7.224166,15.283938,0.157211,11.120068,1.618525
Athena_soldier_behind_smoke_2_meting012-1500,10,10,1,0.3,0.684989,6.925157,11.928263,0.131752,11.243195,1.663065
Athena_soldier_behind_smoke_2_meting012-1500,10,20,2,0.3,0.664571,6.954516,14.030097,0.135739,11.225493,1.663065
Athena_soldier_behind_smoke_2_meting012-1500,10,30,25,0.3,0.604303,7.224166,15.283938,0.157211,11.120068,1.618525
Athena_soldier_behind_smoke_2_meting012-1500,10,40,1,0.3,0.684989,6.925157,11.928263,0.131752,11.243195,1.663065
Athena_soldier_behind_smoke_2_meting012-1500,10,50,25,0.3,0.604303,7.224166,15.283938,0.157211,11.120068,1.618525
Athena_soldier_behind_smoke_3_meting012-1700,2,10,25,0.3,0.584624,7.313101,21.525291,0.156886,13.553031,1.634292
Athena_soldier_behind_smoke_3_meting012-1700,2,20,1,0.6614,0.560082,7.021719,25.364827,0.126165,13.769408,1.575501
Athena_soldier_behind_smoke_3_meting012-1700,2,30,25,0.3,0.584624,7.313101,21.525291,0.156886,13.553031,1.634292
Athena_soldier_behind_smoke_3_meting012-1700,2,40,1,1.2078,0.423336,7.2115,39.827365,0.142932,13.417397,1.458952
Athena_soldier_behind_smoke_3_meting012-1700,2,50,25,0.3,0.584624,7.313101,21.525291,0.156886,13.553031,1.634292
Athena_soldier_behind_smoke_3_meting012-1700,4,10,25,0.3,0.584624,7.313101,21.525291,0.156886,13.553031,1.634292
Athena_soldier_behind_smoke_3_meting012-1700,4,20,1,0.3,0.66517,6.906214,15.879501,0.11821,13.90069,1.667454
Athena_soldier_behind_smoke_3_meting012-1700,4,30,1,0.3,0.66517,6.906214,15.879501,0.11821,13.90069,1.667454
Athena_soldier_behind_smoke_3_meting012-1700,4,40,1,0.3,0.66517,6.906214,15.879501,0.11821,13.90069,1.667454
Athena_soldier_behind_smoke_3_meting012-1700,4,50,1,0.3,0.66517,6.906214,15.879501,0.11821,13.90069,1.667454
Athena_soldier_behind_smoke_3_meting012-1700,6,10,1,0.3,0.66517,6.906214,15.879501,0.11821,13.90069,1.667454
Athena_soldier_behind_smoke_3_meting012-1700,6,20,2,0.3,0.637431,6.952353,18.840111,0.124533,13.846122,1.667454
Athena_soldier_behind_smoke_3_meting012-1700,6,30,25,0.3,0.584624,7.313101,21.525291,0.156886,13.553031,1.634292
Athena_soldier_behind_smoke_3_meting012-1700,6,40,25,0.3,0.584624,7.313101,21.525291,0.156886,13.553031,1.634292
Athena_soldier_behind_smoke_3_meting012-1700,6,50,1,0.3,0.66517,6.906214,15.879501,0.11821,13.90069,1.667454
Athena_soldier_behind_smoke_3_meting012-1700,8,10,25,0.3,0.584624,7.313101,21.525291,0.156886,13.553031,1.634292
Athena_soldier_behind_smoke_3_meting012-1700,8,20,25,0.3,0.584624,7.313101,21.525291,0.156886,13.553031,1.634292
Athena_soldier_behind_smoke_3_meting012-1700,8,30,25,0.3,0.584624,7.313101,21.525291,0.156886,13.553031,1.634292
Athena_soldier_behind_smoke_3_meting012-1700,8,40,25,0.3,0.584624,7.313101,21.525291,0.156886,13.553031,1.634292
Athena_soldier_behind_smoke_3_meting012-1700,8,50,1,0.3,0.66517,6.906214,15.879501,0.11821,13.90069,1.667454
Athena_soldier_behind_smoke_3_meting012-1700,10,10,25,0.3,0.584624,7.313101,21.525291,0.156886,13.553031,1.634292
Athena_soldier_behind_smoke_3_meting012-1700,10,20,25,0.3,0.584624,7.313101,21.525291,0.156886,13.553031,1.634292
Athena_soldier_behind_smoke_3_meting012-1700,10,30,1,0.3,0.66517,6.906214,15.879501,0.11821,13.90069,1.667454
Athena_soldier_behind_smoke_3_meting012-1700,10,40,1,0.3,0.66517,6.906214,15.879501,0.11821,13.90069,1.667454
Athena_soldier_behind_smoke_3_meting012-1700,10,50,25,0.3,0.584624,7.313101,21.525291,0.156886,13.553031,1.634292
Athena_soldier_in_trench_1_meting016,2,10,1,1.1386,0.496389,6.839997,27.366938,0.114449,16.330781,1.514696
Athena_soldier_in_trench_1_meting016,2,20,3,0.4092,0.633042,6.730804,18.978417,0.113504,16.522195,1.664813
Athena_soldier_in_trench_1_meting016,2,30,25,0.3,0.643122,6.99043,18.106961,0.132078,16.191706,1.678843
Athena_soldier_in_trench_1_meting016,2,40,1,0.3,0.741717,6.608691,12.39998,0.099844,16.761531,1.735418
Athena_soldier_in_trench_1_meting016,2,50,16,0.3,0.644484,6.887874,17.913312,0.124863,16.347091,1.667904
Athena_soldier_in_trench_1_meting016,4,10,1,0.3,0.741717,6.608691,12.39998,0.099844,16.761531,1.735418
Athena_soldier_in_trench_1_meting016,4,20,25,0.3,0.643122,6.99043,18.106961,0.132078,16.191706,1.678843
Athena_soldier_in_trench_1_meting016,4,30,1,0.3,0.741717,6.608691,12.39998,0.099844,16.761531,1.735418
Athena_soldier_in_trench_1_meting016,4,40,1,0.3,0.741717,6.608691,12.39998,0.099844,16.761531,1.735418
Athena_soldier_in_trench_1_meting016,4,50,1,0.3,0.741717,6.608691,12.39998,0.099844,16.761531,1.735418
Athena_soldier_in_trench_1_meting016,6,10,25,0.3,0.643122,6.99043,18.106961,0.132078,16.191706,1.678843
Athena_soldier_in_trench_1_meting016,6,20,2,0.3,0.7105,6.650133,15.089249,0.106957,16.666939,1.735418
Athena_soldier_in_trench_1_meting016,6,30,1,0.3,0.741717,6.608691,12.39998,0.099844,16.761531,1.735418
Athena_soldier_in_trench_1_meting016,6,40,25,0.3,0.643122,6.99043,18.106961,0.132078,16.191706,1.678843
Athena_soldier_in_trench_1_meting016,6,50,1,0.3,0.741717,6.608691,12.39998,0.099844,16.761531,1.735418
Athena_soldier_in_trench_1_meting016,8,10,1,0.3,0.741717,6.608691,12.39998,0.099844,16.761531,1.735418
Athena_soldier_in_trench_1_meting016,8,20,25,0.3,0.643122,6.99043,18.106961,0.132078,16.191706,1.678843
Athena_soldier_in_trench_1_meting016,8,30,1,0.3,0.741717,6.608691,12.39998,0.099844,16.761531,1.735418
Athena_soldier_in_trench_1_meting016,8,40,25,0.3,0.643122,6.99043,18.106961,0.132078,16.191706,1.678843
Athena_soldier_in_trench_1_meting016,8,50,1,0.3,0.741717,6.608691,12.39998,0.099844,16.761531,1.735418
Athena_soldier_in_trench_1_meting016,10,10,1,0.3,0.741717,6.608691,12.39998,0.099844,16.761531,1.735418
Athena_soldier_in_trench_1_meting016,10,20,1,0.3,0.741717,6.608691,12.39998,0.099844,16.761531,1.735418
Athena_soldier_in_trench_1_meting016,10,30,1,0.3,0.741717,6.608691,12.39998,0.099844,16.761531,1.735418
Athena_soldier_in_trench_1_meting016,10,40,25,0.3,0.643122,6.99043,18.106961,0.132078,16.191706,1.678843
Athena_soldier_in_trench_1_meting016,10,50,1,0.3,0.741717,6.608691,12.39998,0.099844,16.761531,1.735418
Athena_soldier_in_trench_2_meting055,2,10,1,0.3,0.715598,6.402879,14.153837,0.084686,19.498907,1.710947
Athena_soldier_in_trench_2_meting055,2,20,25,0.3,0.600325,6.868522,20.847516,0.121056,18.430414,1.643194
Athena_soldier_in_trench_2_meting055,2,30,25,0.3,0.600325,6.868522,20.847516,0.121056,18.430414,1.643194
Athena_soldier_in_trench_2_meting055,2,40,1,0.3,0.715598,6.402879,14.153837,0.084686,19.498907,1.710947
Athena_soldier_in_trench_2_meting055,2,50,25,0.3,0.600325,6.868522,20.847516,0.121056,18.430414,1.643194
Athena_soldier_in_trench_2_meting055,4,10,25,0.3,0.600325,6.868522,20.847516,0.121056,18.430414,1.643194
Athena_soldier_in_trench_2_meting055,4,20,25,0.3,0.600325,6.868522,20.847516,0.121056,18.430414,1.643194
Athena_soldier_in_trench_2_meting055,4,30,1,0.3,0.715598,6.402879,14.153837,0.084686,19.498907,1.710947
Athena_soldier_in_trench_2_meting055,4,40,1,0.3,0.715598,6.402879,14.153837,0.084686,19.498907,1.710947
Athena_soldier_in_trench_2_meting055,4,50,1,0.3,0.715598,6.402879,14.153837,0.084686,19.498907,1.710947
Athena_soldier_in_trench_2_meting055,6,10,1,0.3,0.715598,6.402879,14.153837,0.084686,19.498907,1.710947
Athena_soldier_in_trench_2_meting055,6,20,25,0.3,0.600325,6.868522,20.847516,0.121056,18.430414,1.643194
Athena_soldier_in_trench_2_meting055,6,30,1,0.3,0.715598,6.402879,14.153837,0.084686,19.498907,1.710947
Athena_soldier_in_trench_2_meting055,6,40,25,0.3,0.600325,6.868522,20.847516,0.121056,18.430414,1.643194
Athena_soldier_in_trench_2_meting055,6,50,1,0.3,0.715598,6.402879,14.153837,0.084686,19.498907,1.710947
Athena_soldier_in_trench_2_meting055,8,10,1,0.3,0.715598,6.402879,14.153837,0.084686,19.498907,1.710947
Athena_soldier_in_trench_2_meting055,8,20,25,0.3,0.600325,6.868522,20.847516,0.121056,18.430414,1.643194
Athena_soldier_in_trench_2_meting055,8,30,1,0.3,0.715598,6.402879,14.153837,0.084686,19.498907,1.710947
Athena_soldier_in_trench_2_meting055,8,40,1,0.3,0.715598,6.402879,14.153837,0.084686,19.498907,1.710947
Athena_soldier_in_trench_2_meting055,8,50,1,0.3,0.715598,6.402879,14.153837,0.084686,19.498907,1.710947
Athena_soldier_in_trench_2_meting055,10,10,1,0.3,0.715598,6.402879,14.153837,0.084686,19.498907,1.710947
Athena_soldier_in_trench_2_meting055,10,20,1,0.3,0.715598,6.402879,14.153837,0.084686,19.498907,1.710947
Athena_soldier_in_trench_2_meting055,10,30,1,0.3,0.715598,6.402879,14.153837,0.084686,19.498907,1.710947
Athena_soldier_in_trench_2_meting055,10,40,1,0.3,0.715598,6.402879,14.153837,0.084686,19.498907,1.710947
Athena_soldier_in_trench_2_meting055,10,50,1,0.3,0.715598,6.402879,14.153837,0.084686,19.498907,1.710947
Triclobs_Bosnia_R,2,10,1,0.3,0.745641,6.686366,13.215671,0.189321,15.792454,1.739361
Triclobs_Bosnia_R,2,20,25,0.3,0.685311,6.975378,18.866597,0.223644,15.009833,1.707332
Triclobs_Bosnia_R,2,30,1,0.3,0.745641,6.686366,13.215671,0.189321,15.792454,1.739361
Triclobs_Bosnia_R,2,40,1,0.3,0.745641,6.686366,13.215671,0.189321,15.792454,1.739361
Triclobs_Bosnia_R,2,50,25,0.3,0.685311,6.975378,18.866597,0.223644,15.009833,1.707332
Triclobs_Bosnia_R,4,10,1,0.3,0.745641,6.686366,13.215671,0.189321,15.792454,1.739361
Triclobs_Bosnia_R,4,20,1,0.3,0.745641,6.686366,13.215671,0.189321,15.792454,1.739361
Triclobs_Bosnia_R,4,30,1,0.3,0.745641,6.686366,13.215671,0.189321,15.792454,1.739361
Triclobs_Bosnia_R,4,40,25,0.3,0.685311,6.975378,18.866597,0.223644,15.009833,1.707332
Triclobs_Bosnia_R,4,50,25,0.3,0.685311,6.975378,18.866597,0.223644,15.009833,1.707332
Triclobs_Bosnia_R,6,10,1,0.3,0.745641,6.686366,13.215671,0.189321,15.792454,1.739361
Triclobs_Bosnia_R,6,20,25,0.3,0.685311,6.975378,18.866597,0.223644,15.009833,1.707332
Triclobs_Bosnia_R,6,30,25,0.3,0.685311,6.975378,18.866597,0.223644,15.009833,1.707332
Triclobs_Bosnia_R,6,40,1,0.3,0.745641,6.686366,13.215671,0.189321,15.792454,1.739361
Triclobs_Bosnia_R,6,50,1,0.3,0.745641,6.686366,13.215671,0.189321,15.792454,1.739361
Triclobs_Bosnia_R,8,10,1,0.3,0.745641,6.686366,13.215671,0.189321,15.792454,1.739361
Triclobs_Bosnia_R,8,20,1,0.3,0.745641,6.686366,13.215671,0.189321,15.792454,1.739361
Triclobs_Bosnia_R,8,30,1,0.3,0.745641,6.686366,13.215671,0.189321,15.792454,1.739361
Triclobs_Bosnia_R,8,40,1,0.3,0.745641,6.686366,13.215671,0.189321,15.792454,1.739361
Triclobs_Bosnia_R,8,50,1,0.3,0.745641,6.686366,13.215671,0.189321,15.792454,1.739361
Triclobs_Bosnia_R,10,10,25,0.3,0.685311,6.975378,18.866597,0.223644,15.009833,1.707332
Triclobs_Bosnia_R,10,20,1,0.3,0.745641,6.686366,13.215671,0.189321,15.792454,1.739361
Triclobs_Bosnia_R,10,30,1,0.3,0.745641,6.686366,13.215671,0.189321,15.792454,1.739361
Triclobs_Bosnia_R,10,40,1,0.3,0.745641,6.686366,13.215671,0.189321,15.792454,1.739361
Triclobs_Bosnia_R,10,50,1,0.3,0.745641,6.686366,13.215671,0.189321,15.792454,1.739361
Triclobs_jeep_in_smoke_R,2,10,1,0.3,0.64114,7.011651,24.631136,0.128024,16.746646,1.685063
Triclobs_jeep_in_smoke_R,2,20,25,0.3,0.568179,7.392587,32.494104,0.177065,15.603958,1.648292
Triclobs_jeep_in_smoke_R,2,30,25,0.3,0.568179,7.392587,32.494104,0.177065,15.603958,1.648292
Triclobs_jeep_in_smoke_R,2,40,7,0.3,0.578132,7.167069,30.363554,0.143722,16.412724,1.638973
Triclobs_jeep_in_smoke_R,2,50,1,0.3,0.64114,7.011651,24.631136,0.128024,16.746646,1.685063
Triclobs_jeep_in_smoke_R,4,10,25,0.3,0.568179,7.392587,32.494104,0.177065,15.603958,1.648292
Triclobs_jeep_in_smoke_R,4,20,1,0.3,0.64114,7.011651,24.631136,0.128024,16.746646,1.685063
Triclobs_jeep_in_smoke_R,4,30,25,0.3,0.568179,7.392587,32.494104,0.177065,15.603958,1.648292
Triclobs_jeep_in_smoke_R,4,40,25,0.3,0.568179,7.392587,32.494104,0.177065,15.603958,1.648292
Triclobs_jeep_in_smoke_R,4,50,25,0.3,0.568179,7.392587,32.494104,0.177065,15.603958,1.648292
Triclobs_jeep_in_smoke_R,6,10,1,0.3,0.64114,7.011651,24.631136,0.128024,16.746646,1.685063
Triclobs_jeep_in_smoke_R,6,20,1,0.3,0.64114,7.011651,24.631136,0.128024,16.746646,1.685063
Triclobs_jeep_in_smoke_R,6,30,1,0.3,0.64114,7.011651,24.631136,0.128024,16.746646,1.685063
Triclobs_jeep_in_smoke_R,6,40,25,0.3,0.568179,7.392587,32.494104,0.177065,15.603958,1.648292
Triclobs_jeep_in_smoke_R,6,50,1,0.3,0.64114,7.011651,24.631136,0.128024,16.746646,1.685063
Triclobs_jeep_in_smoke_R,8,10,1,0.3,0.64114,7.011651,24.631136,0.128024,16.746646,1.685063
Triclobs_jeep_in_smoke_R,8,20,25,0.3,0.568179,7.392587,32.494104,0.177065,15.603958,1.648292
Triclobs_jeep_in_smoke_R,8,30,1,0.3,0.64114,7.011651,24.631136,0.128024,16.746646,1.685063
Triclobs_jeep_in_smoke_R,8,40,1,0.3,0.64114,7.011651,24.631136,0.128024,16.746646,1.685063
Triclobs_jeep_in_smoke_R,8,50,25,0.3,0.568179,7.392587,32.494104,0.177065,15.603958,1.648292
Triclobs_jeep_in_smoke_R,10,10,1,0.3,0.64114,7.011651,24.631136,0.128024,16.746646,1.685063
Triclobs_jeep_in_smoke_R,10,20,1,0.3,0.64114,7.011651,24.631136,0.128024,16.746646,1.685063
Triclobs_jeep_in_smoke_R,10,30,1,0.3,0.64114,7.011651,24.631136,0.128024,16.746646,1.685063
Triclobs_jeep_in_smoke_R,10,40,25,0.3,0.568179,7.392587,32.494104,0.177065,15.603958,1.648292
Triclobs_jeep_in_smoke_R,10,50,25,0.3,0.568179,7.392587,32.494104,0.177065,15.603958,1.648292
