escena,particulas,iteraciones,r,m,SSIM_avg,E_n,SF,SD,PSNR_n,Fo
Kaptein,2,10,12,1.304,0.42801,0.897889,25.647317,47.670717,0.962985,2.288883
Kaptein,2,20,14,0.93,0.447209,0.884305,20.790369,44.334841,0.967156,2.29867
Kaptein,2,30,25,0.593,0.45052,0.886225,16.43311,45.277011,0.967885,2.30463
Kaptein,2,40,25,0.657,0.444935,0.893955,17.480892,47.402963,0.965888,2.304778
Kaptein,2,50,25,0.616,0.448634,0.889066,16.795852,46.020193,0.967205,2.304905
Kaptein,4,10,25,0.695,0.441484,0.897372,18.065359,48.601241,0.964687,2.303542
Kaptein,4,20,25,0.651,0.445472,0.893227,17.384715,47.209879,0.966077,2.304776
Kaptein,4,30,25,0.617,0.44853,0.889181,16.81349,46.05806,0.967168,2.304879
Kaptein,4,40,25,0.623,0.447897,0.890054,16.923662,46.283019,0.966958,2.304909
Kaptein,4,50,25,0.621,0.448123,0.889776,16.887733,46.209014,0.967029,2.304928
Kaptein,6,10,25,0.621,0.448123,0.889776,16.887733,46.209014,0.967029,2.304928
Kaptein,6,20,25,0.621,0.448108,0.889791,16.889874,46.212351,0.967026,2.304924
Kaptein,6,30,25,0.645,0.445994,0.892377,17.268266,46.983309,0.966291,2.304662
Kaptein,6,40,25,0.616,0.448634,0.889066,16.795852,46.020193,0.967205,2.304905
Kaptein,6,50,25,0.621,0.448138,0.889775,16.886047,46.205458,0.967033,2.304946
Kaptein,8,10,16,0.74,0.454105,0.877489,18.24533,42.817851,0.969053,2.300648
Kaptein,8,20,25,0.621,0.448096,0.889811,16.892084,46.218346,0.96702,2.304927
Kaptein,8,30,25,0.62,0.448266,0.889546,16.864967,46.162589,0.967074,2.304886
Kaptein,8,40,25,0.621,0.448138,0.889775,16.886047,46.205458,0.967033,2.304946
Kaptein,8,50,25,0.619,0.448307,0.889537,16.859954,46.151384,0.967085,2.304929
Kaptein,10,10,25,0.623,0.447897,0.890054,16.923662,46.283019,0.966958,2.304909
Kaptein,10,20,25,0.621,0.448138,0.889775,16.886047,46.205458,0.967033,2.304946
Kaptein,10,30,25,0.617,0.448561,0.889127,16.807122,46.044624,0.967181,2.30487
Kaptein,10,40,25,0.62,0.448196,0.88966,16.875901,46.184649,0.967053,2.304909
Kaptein,10,50,25,0.616,0.448634,0.889066,16.795852,46.020193,0.967205,2.304905
Marne 04,2,10,25,1.365,0.307299,0.939572,17.309771,52.15719,0.942111,2.188981
Marne 04,2,20,25,1.127,0.311785,0.934947,15.138199,47.148386,0.947751,2.194483
Marne 04,2,30,23,1.171,0.309335,0.929079,15.47732,45.804839,0.948826,2.187239
Marne 04,2,40,23,1.211,0.30873,0.930409,15.856127,46.636957,0.947969,2.187108
Marne 04,2,50,25,1.146,0.311503,0.935716,15.314533,47.568586,0.947311,2.19453
Marne 04,4,10,20,2.0,0.293404,0.927092,22.317577,52.782833,0.939817,2.160313
Marne 04,4,20,25,1.169,0.311136,0.936536,15.531877,48.084315,0.946764,2.194437
Marne 04,4,30,25,1.154,0.311376,0.93611,15.411113,47.789405,0.94708,2.194566
Marne 04,4,40,25,1.163,0.311219,0.936527,15.492229,48.006866,0.946848,2.194594
Marne 04,4,50,25,1.158,0.311325,0.936344,15.451828,47.891519,0.946973,2.194642
Marne 04,6,10,25,1.146,0.311499,0.93575,15.319117,47.584754,0.947296,2.194545
Marne 04,6,20,25,1.16,0.311288,0.936375,15.464279,47.922892,0.946939,2.194602
Marne 04,6,30,25,1.164,0.31119,0.936573,15.498739,48.026259,0.946826,2.194589
Marne 04,6,40,25,1.154,0.311376,0.93611,15.411109,47.789398,0.94708,2.194566
Marne 04,6,50,25,1.135,0.311655,0.935349,15.223829,47.347776,0.947543,2.194547
Marne 04,8,10,25,1.118,0.311929,0.93462,15.058938,46.976484,0.94793,2.194478
Marne 04,8,20,25,1.159,0.311301,0.936388,15.461994,47.914058,0.946948,2.194638
Marne 04,8,30,25,1.164,0.311198,0.93654,15.496837,48.019677,0.946833,2.194571
Marne 04,8,40,25,1.143,0.311551,0.935692,15.305457,47.533113,0.94735,2.194593
Marne 04,8,50,25,1.159,0.311292,0.93638,15.463437,47.91976,0.946942,2.194614
Marne 04,10,10,25,1.112,0.312034,0.934288,14.994063,46.815205,0.948099,2.194421
Marne 04,10,20,25,1.161,0.311261,0.936472,15.477555,47.970592,0.946888,2.194621
Marne 04,10,30,25,1.144,0.311549,0.935697,15.30562,47.534115,0.947349,2.194595
Marne 04,10,40,25,1.159,0.31131,0.936349,15.455344,47.902998,0.94696,2.194619
Marne 04,10,50,25,1.159,0.3113,0.936389,15.462083,47.914448,0.946948,2.194637
Sandpath,2,10,19,0.777,0.443839,0.884205,19.878882,35.884205,0.982589,2.310632
Sandpath,2,20,25,0.952,0.428729,0.911028,22.938244,42.681445,0.977456,2.317213
Sandpath,2,30,25,0.878,0.434783,0.904664,21.730404,40.837157,0.979075,2.318521
Sandpath,2,40,25,0.85,0.43701,0.9019,21.258443,40.109526,0.979681,2.31859
Sandpath,2,50,25,0.847,0.437198,0.901636,21.210847,40.042207,0.979735,2.31857
Sandpath,4,10,25,0.82,0.439252,0.89885,20.759756,39.337497,0.980303,2.318405
Sandpath,4,20,25,0.852,0.436869,0.902052,21.284068,40.152459,0.979645,2.318567
Sandpath,4,30,25,0.846,0.437317,0.901537,21.193763,40.012208,0.979761,2.318615
Sandpath,4,40,25,0.845,0.437382,0.90149,21.184208,39.99068,0.979778,2.318651
Sandpath,4,50,25,0.839,0.437874,0.900828,21.075846,39.824053,0.979914,2.318616
Sandpath,6,10,25,0.871,0.435416,0.903889,21.596266,40.637203,0.979244,2.318549
Sandpath,6,20,25,0.873,0.435235,0.904174,21.647565,40.702556,0.979189,2.318598
Sandpath,6,30,25,0.84,0.437801,0.900938,21.096053,39.854559,0.979889,2.318628
Sandpath,6,40,25,0.854,0.436676,0.902354,21.340413,40.227111,0.979585,2.318614
Sandpath,6,50,25,0.855,0.436517,0.902553,21.368529,40.270887,0.979548,2.318618
Sandpath,8,10,25,0.836,0.438191,0.900285,20.993925,39.713499,0.980003,2.318479
Sandpath,8,20,25,0.841,0.437677,0.9011,21.122772,39.895384,0.979856,2.318634
Sandpath,8,30,25,0.839,0.437896,0.900822,21.079587,39.825237,0.979914,2.318631
Sandpath,8,40,25,0.842,0.437646,0.901124,21.126968,39.905685,0.979848,2.318618
Sandpath,8,50,25,0.845,0.437351,0.901521,21.189256,39.999636,0.979771,2.318644
Sandpath,10,10,25,1.112,0.312034,0.934288,14.994063,46.815205,0.948099,2.194421
Sandpath,10,20,25,1.161,0.311261,0.936472,15.477555,47.970592,0.946888,2.194621
Sandpath,10,30,25,1.144,0.311549,0.935697,15.30562,47.534115,0.947349,2.194595
Sandpath,10,40,25,1.159,0.31131,0.936349,15.455344,47.902998,0.94696,2.194619
Sandpath,10,50,25,1.159,0.3113,0.936389,15.462083,47.914448,0.946948,2.194637
Reek,2,10,25,0.3,0.6922,0.917592,13.837332,60.120368,0.966213,2.576005
Reek,2,20,25,0.3,0.6922,0.917592,13.837332,60.120368,0.966213,2.576005
Reek,2,30,1,1.51,0.687649,0.917992,20.151358,53.84267,0.968435,2.574077
Reek,2,40,12,0.3,0.693791,0.908507,13.050076,55.248518,0.968585,2.570883
Reek,2,50,25,0.3,0.6922,0.917592,13.837332,60.120368,0.966213,2.576005
Reek,4,10,25,0.3,0.6922,0.917592,13.837332,60.120368,0.966213,2.576005
Reek,4,20,25,0.3,0.6922,0.917592,13.837332,60.120368,0.966213,2.576005
Reek,4,30,25,0.3,0.6922,0.917592,13.837332,60.120368,0.966213,2.576005
Reek,4,40,25,0.3,0.6922,0.917592,13.837332,60.120368,0.966213,2.576005
Reek,4,50,25,0.3,0.6922,0.917592,13.837332,60.120368,0.966213,2.576005
Reek,6,10,1,1.521,0.687575,0.917999,20.189804,53.851853,0.968425,2.573998
Reek,6,20,25,0.3,0.6922,0.917592,13.837332,60.120368,0.966213,2.576005
Reek,6,30,25,0.3,0.6922,0.917592,13.837332,60.120368,0.966213,2.576005
Reek,6,40,1,1.505,0.68766,0.917989,20.146397,53.841377,0.968437,2.574087
Reek,6,50,25,0.3,0.6922,0.917592,13.837332,60.120368,0.966213,2.576005
Reek,8,10,25,0.3,0.6922,0.917592,13.837332,60.120368,0.966213,2.576005
Reek,8,20,25,0.3,0.6922,0.917592,13.837332,60.120368,0.966213,2.576005
Reek,8,30,25,0.3,0.6922,0.917592,13.837332,60.120368,0.966213,2.576005
Reek,8,40,1,1.503,0.68766,0.917989,20.146397,53.841377,0.968437,2.574087
Reek,8,50,1,1.503,0.68766,0.917989,20.146397,53.841377,0.968437,2.574087
Reek,10,10,25,0.3,0.6922,0.917592,13.837332,60.120368,0.966213,2.576005
Reek,10,20,1,1.501,0.68766,0.917989,20.146397,53.841377,0.968437,2.574087
Reek,10,30,25,0.3,0.6922,0.917592,13.837332,60.120368,0.966213,2.576005
Reek,10,40,1,1.51,0.687652,0.917992,20.150201,53.842307,0.968436,2.574079
Reek,10,50,1,1.507,0.687659,0.917991,20.146889,53.841503,0.968437,2.574086
1811,2,10,25,0.582,0.611666,0.865206,16.263547,35.207442,0.985252,2.462123
1811,2,20,25,0.582,0.611665,0.865208,16.263572,35.207494,0.985251,2.462124
1811,2,30,25,0.609,0.60899,0.868205,16.656325,35.754631,0.984919,2.462114
1811,2,40,25,0.577,0.612282,0.864437,16.153436,35.072104,0.985331,2.46205
1811,2,50,25,0.605,0.609435,0.867622,16.576456,35.658562,0.984977,2.462034
1811,4,10,25,0.597,0.610182,0.866942,16.483952,35.520411,0.985064,2.462188
1811,4,20,2,1.145,0.602169,0.828264,20.258123,27.394667,0.987723,2.418156
1811,4,30,25,0.582,0.611688,0.865184,16.260309,35.202532,0.985254,2.462126
1811,4,40,25,0.596,0.610256,0.866879,16.47435,35.50534,0.985073,2.462208
1811,4,50,24,0.588,0.611858,0.865423,16.31509,35.240812,0.985262,2.462544
1811,6,10,25,0.593,0.610673,0.866328,16.411281,35.413155,0.985128,2.462129
1811,6,20,25,0.591,0.610845,0.866148,16.380633,35.372069,0.985152,2.462144
1811,6,30,24,0.619,0.608785,0.868846,16.784984,35.88051,0.984875,2.462507
1811,6,40,25,0.598,0.610032,0.867116,16.502497,35.548791,0.985046,2.462194
1811,6,50,25,0.595,0.610414,0.866658,16.448509,35.465918,0.985096,2.462167
1811,8,10,25,0.61,0.608844,0.868345,16.674817,35.782858,0.984902,2.462091
1811,8,20,25,0.582,0.611673,0.865196,16.262719,35.206132,0.985252,2.46212
1811,8,30,24,0.622,0.60837,0.869383,16.853654,35.966073,0.984822,2.462576
1811,8,40,25,0.595,0.610366,0.866724,16.457335,35.478255,0.985088,2.462178
1811,8,50,25,0.596,0.610295,0.866811,16.468599,35.494366,0.985079,2.462185
1811,10,10,25,0.598,0.610021,0.867115,16.503153,35.549749,0.985045,2.462182
1811,10,20,25,0.586,0.611324,0.865599,16.308926,35.280353,0.985209,2.462131
1811,10,30,25,0.583,0.61166,0.865216,16.264258,35.208899,0.985251,2.462127
1811,10,40,25,0.596,0.610295,0.866811,16.468599,35.494366,0.985079,2.462185
1811,10,50,24,0.623,0.608268,0.869493,16.867077,35.989193,0.984809,2.462569
